id,Username,Email,Activity_Type,Activity_Description,Timestamp,IP_Address,User_Agent
1,pwoodward,patience.woodward@gmail.com,LOGIN,User logged in successfully,5/26/2025 15:18,127.0.0.1,"Mozilla/5.0 (Windows NT 10.0; Win64; x64) AppleWebKit/537.36 (KHTML, like Gecko) Chrome/133.0.0.0 Safari/537.36 OPR/118.0.0.0"
2,pwoodward,patience.woodward@gmail.com,LOGOUT,User logged out,5/26/2025 15:18,127.0.0.1,"Mozilla/5.0 (Windows NT 10.0; Win64; x64) AppleWebKit/537.36 (KHTML, like Gecko) Chrome/133.0.0.0 Safari/537.36 OPR/118.0.0.0"
3,lsmith1,lisa.smith@gmail.com,LOGIN,User logged in successfully,5/26/2025 15:20,127.0.0.1,"Mozilla/5.0 (Windows NT 10.0; Win64; x64) AppleWebKit/537.36 (KHTML, like Gecko) Chrome/133.0.0.0 Safari/537.36 OPR/118.0.0.0"
4,pwoodward,patience.woodward@gmail.com,LOGIN,User logged in successfully,5/26/2025 15:21,127.0.0.1,"Mozilla/5.0 (Windows NT 10.0; Win64; x64) AppleWebKit/537.36 (KHTML, like Gecko) Chrome/133.0.0.0 Safari/537.36 OPR/118.0.0.0"
5,lsmith1,lisa.smith@gmail.com,LOGIN,User logged in successfully,5/26/2025 15:21,127.0.0.1,"Mozilla/5.0 (Windows NT 10.0; Win64; x64) AppleWebKit/537.36 (KHTML, like Gecko) Chrome/133.0.0.0 Safari/537.36 OPR/118.0.0.0"
6,lsmith1,lisa.smith@gmail.com,LOGIN,User logged in successfully,5/26/2025 15:21,127.0.0.1,"Mozilla/5.0 (Windows NT 10.0; Win64; x64) AppleWebKit/537.36 (KHTML, like Gecko) Chrome/133.0.0.0 Safari/537.36 OPR/118.0.0.0"
7,lsmith1,lisa.smith@gmail.com,LOGIN,User logged in successfully,5/26/2025 15:22,127.0.0.1,"Mozilla/5.0 (Windows NT 10.0; Win64; x64) AppleWebKit/537.36 (KHTML, like Gecko) Chrome/133.0.0.0 Safari/537.36 OPR/118.0.0.0"
8,lsmith1,lisa.smith@gmail.com,LOGIN,User logged in successfully,5/26/2025 15:24,127.0.0.1,"Mozilla/5.0 (Windows NT 10.0; Win64; x64) AppleWebKit/537.36 (KHTML, like Gecko) Chrome/133.0.0.0 Safari/537.36 OPR/118.0.0.0"
9,apennington,adele.pennington@gmail.com,LOGIN,User logged in successfully,5/26/2025 15:27,127.0.0.1,"Mozilla/5.0 (Windows NT 10.0; Win64; x64) AppleWebKit/537.36 (KHTML, like Gecko) Chrome/133.0.0.0 Safari/537.36 OPR/118.0.0.0"
10,test6,test6@gmail.com,LOGIN,User logged in successfully,5/26/2025 15:29,127.0.0.1,"Mozilla/5.0 (Windows NT 10.0; Win64; x64) AppleWebKit/537.36 (KHTML, like Gecko) Chrome/133.0.0.0 Safari/537.36 OPR/118.0.0.0"
11,lsmith1,lisa.smith@gmail.com,LOGIN,User logged in successfully,5/26/2025 15:30,127.0.0.1,"Mozilla/5.0 (Windows NT 10.0; Win64; x64) AppleWebKit/537.36 (KHTML, like Gecko) Chrome/133.0.0.0 Safari/537.36 OPR/118.0.0.0"
12,test6,test6@gmail.com,LOGIN,User logged in successfully,5/26/2025 15:32,127.0.0.1,"Mozilla/5.0 (Windows NT 10.0; Win64; x64) AppleWebKit/537.36 (KHTML, like Gecko) Chrome/133.0.0.0 Safari/537.36 OPR/118.0.0.0"
13,mgrimes1,mary.grimes@gmail.com,LOGIN,User logged in successfully,5/26/2025 15:34,127.0.0.1,"Mozilla/5.0 (Windows NT 10.0; Win64; x64) AppleWebKit/537.36 (KHTML, like Gecko) Chrome/133.0.0.0 Safari/537.36 OPR/118.0.0.0"
14,test6,test6@gmail.com,LOGIN,User logged in successfully,5/26/2025 16:35,127.0.0.1,"Mozilla/5.0 (Windows NT 10.0; Win64; x64) AppleWebKit/537.36 (KHTML, like Gecko) Chrome/133.0.0.0 Safari/537.36 OPR/118.0.0.0"
15,test6,test6@gmail.com,LOGIN,User logged in successfully,5/26/2025 17:09,127.0.0.1,"Mozilla/5.0 (Windows NT 10.0; Win64; x64) AppleWebKit/537.36 (KHTML, like Gecko) Chrome/136.0.0.0 Safari/537.36"
16,test6,test6@gmail.com,LOGIN,User logged in successfully,5/26/2025 17:09,127.0.0.1,"Mozilla/5.0 (Windows NT 10.0; Win64; x64) AppleWebKit/537.36 (KHTML, like Gecko) Chrome/136.0.0.0 Safari/537.36"
17,test6,test6@gmail.com,LOGIN,User logged in successfully,5/26/2025 17:14,127.0.0.1,"Mozilla/5.0 (Windows NT 10.0; Win64; x64) AppleWebKit/537.36 (KHTML, like Gecko) Chrome/136.0.0.0 Safari/537.36"
18,test6,test6@gmail.com,LOGIN,User logged in successfully,5/26/2025 17:14,127.0.0.1,"Mozilla/5.0 (Windows NT 10.0; Win64; x64) AppleWebKit/537.36 (KHTML, like Gecko) Chrome/136.0.0.0 Safari/537.36"
19,test6,test6@gmail.com,LOGIN,User logged in successfully,5/26/2025 17:18,127.0.0.1,"Mozilla/5.0 (Windows NT 10.0; Win64; x64) AppleWebKit/537.36 (KHTML, like Gecko) Chrome/136.0.0.0 Safari/537.36"
20,test6,test6@gmail.com,LOGIN,User logged in successfully,5/26/2025 17:29,127.0.0.1,"Mozilla/5.0 (Windows NT 10.0; Win64; x64) AppleWebKit/537.36 (KHTML, like Gecko) Chrome/136.0.0.0 Safari/537.36"
21,test6,test6@gmail.com,LOGIN,User logged in successfully,5/26/2025 17:35,127.0.0.1,"Mozilla/5.0 (Windows NT 10.0; Win64; x64) AppleWebKit/537.36 (KHTML, like Gecko) Chrome/136.0.0.0 Safari/537.36"
22,test6,test6@gmail.com,LOGIN,User logged in successfully,5/26/2025 17:49,127.0.0.1,"Mozilla/5.0 (Windows NT 10.0; Win64; x64) AppleWebKit/537.36 (KHTML, like Gecko) Chrome/136.0.0.0 Safari/537.36"
23,test6,test6@gmail.com,LOGIN,User logged in successfully,5/26/2025 18:51,127.0.0.1,"Mozilla/5.0 (Windows NT 10.0; Win64; x64) AppleWebKit/537.36 (KHTML, like Gecko) Chrome/136.0.0.0 Safari/537.36"
24,test6,test6@gmail.com,LOGIN,User logged in successfully,5/26/2025 18:53,127.0.0.1,"Mozilla/5.0 (Windows NT 10.0; Win64; x64) AppleWebKit/537.36 (KHTML, like Gecko) Chrome/136.0.0.0 Safari/537.36"
25,test6,test6@gmail.com,LOGIN,User logged in successfully,5/26/2025 18:54,127.0.0.1,"Mozilla/5.0 (Windows NT 10.0; Win64; x64) AppleWebKit/537.36 (KHTML, like Gecko) Chrome/136.0.0.0 Safari/537.36"
26,test6,test6@gmail.com,LOGIN,User logged in successfully,5/26/2025 19:01,127.0.0.1,"Mozilla/5.0 (Windows NT 10.0; Win64; x64) AppleWebKit/537.36 (KHTML, like Gecko) Chrome/136.0.0.0 Safari/537.36"
27,test6,test6@gmail.com,LOGIN,User logged in successfully,5/26/2025 19:02,127.0.0.1,"Mozilla/5.0 (Windows NT 10.0; Win64; x64) AppleWebKit/537.36 (KHTML, like Gecko) Chrome/136.0.0.0 Safari/537.36"
28,test6,test6@gmail.com,LOGIN,User logged in successfully,5/26/2025 19:02,127.0.0.1,"Mozilla/5.0 (Windows NT 10.0; Win64; x64) AppleWebKit/537.36 (KHTML, like Gecko) Chrome/136.0.0.0 Safari/537.36"
29,test6,test6@gmail.com,LOGIN,User logged in successfully,5/26/2025 19:14,127.0.0.1,"Mozilla/5.0 (Windows NT 10.0; Win64; x64) AppleWebKit/537.36 (KHTML, like Gecko) Chrome/136.0.0.0 Safari/537.36"
30,test6,test6@gmail.com,LOGIN,User logged in successfully,5/26/2025 19:26,127.0.0.1,"Mozilla/5.0 (Windows NT 10.0; Win64; x64) AppleWebKit/537.36 (KHTML, like Gecko) Chrome/136.0.0.0 Safari/537.36"
31,test6,test6@gmail.com,LOGIN,User logged in successfully,5/26/2025 19:32,127.0.0.1,"Mozilla/5.0 (Windows NT 10.0; Win64; x64) AppleWebKit/537.36 (KHTML, like Gecko) Chrome/136.0.0.0 Safari/537.36"
32,test5,test5@gmail.com,LOGIN,User logged in successfully,5/26/2025 19:39,127.0.0.1,"Mozilla/5.0 (Windows NT 10.0; Win64; x64) AppleWebKit/537.36 (KHTML, like Gecko) Chrome/136.0.0.0 Safari/537.36"
33,test4,test4@gmail.com,LOGIN,User logged in successfully,5/26/2025 19:40,127.0.0.1,"Mozilla/5.0 (Windows NT 10.0; Win64; x64) AppleWebKit/537.36 (KHTML, like Gecko) Chrome/136.0.0.0 Safari/537.36"
34,apennington,adele.pennington@gmail.com,LOGIN,User logged in successfully,5/26/2025 20:17,127.0.0.1,"Mozilla/5.0 (Windows NT 10.0; Win64; x64) AppleWebKit/537.36 (KHTML, like Gecko) Chrome/133.0.0.0 Safari/537.36 OPR/118.0.0.0"
35,lsmith1,lisa.smith@gmail.com,LOGIN,User logged in successfully,5/26/2025 20:34,127.0.0.1,"Mozilla/5.0 (Windows NT 10.0; Win64; x64) AppleWebKit/537.36 (KHTML, like Gecko) Chrome/133.0.0.0 Safari/537.36 OPR/118.0.0.0"
36,edouglas,elizabeth.douglas@gmail.com,LOGIN,User logged in successfully,5/26/2025 20:34,127.0.0.1,"Mozilla/5.0 (Windows NT 10.0; Win64; x64) AppleWebKit/537.36 (KHTML, like Gecko) Chrome/133.0.0.0 Safari/537.36 OPR/118.0.0.0"
37,apennington,adele.pennington@gmail.com,LOGIN,User logged in successfully,5/27/2025 0:28,127.0.0.1,"Mozilla/5.0 (Windows NT 10.0; Win64; x64) AppleWebKit/537.36 (KHTML, like Gecko) Chrome/133.0.0.0 Safari/537.36 OPR/118.0.0.0"
38,test6,test6@gmail.com,LOGIN,User logged in successfully,5/30/2025 18:53,127.0.0.1,"Mozilla/5.0 (Windows NT 10.0; Win64; x64) AppleWebKit/537.36 (KHTML, like Gecko) Chrome/134.0.0.0 Safari/537.36 OPR/119.0.0.0"
39,apennington,adele.pennington@gmail.com,LOGIN,User logged in successfully,5/30/2025 22:42,127.0.0.1,"Mozilla/5.0 (Windows NT 10.0; Win64; x64) AppleWebKit/537.36 (KHTML, like Gecko) Chrome/134.0.0.0 Safari/537.36 OPR/119.0.0.0"
40,test6,test6@gmail.com,LOGIN,User logged in successfully,6/1/2025 17:07,127.0.0.1,"Mozilla/5.0 (Windows NT 10.0; Win64; x64) AppleWebKit/537.36 (KHTML, like Gecko) Chrome/136.0.0.0 Safari/537.36"
41,test6,test6@gmail.com,LOGIN,User logged in successfully,6/1/2025 17:11,127.0.0.1,"Mozilla/5.0 (Windows NT 10.0; Win64; x64) AppleWebKit/537.36 (KHTML, like Gecko) Chrome/136.0.0.0 Safari/537.36"
42,test6,test6@gmail.com,LOGIN,User logged in successfully,6/1/2025 17:17,127.0.0.1,"Mozilla/5.0 (Windows NT 10.0; Win64; x64) AppleWebKit/537.36 (KHTML, like Gecko) Chrome/136.0.0.0 Safari/537.36"
43,test6,test6@gmail.com,LOGIN,User logged in successfully,6/1/2025 17:35,127.0.0.1,"Mozilla/5.0 (Windows NT 10.0; Win64; x64) AppleWebKit/537.36 (KHTML, like Gecko) Chrome/136.0.0.0 Safari/537.36"
44,test6,test6@gmail.com,LOGIN,User logged in successfully,6/2/2025 8:31,127.0.0.1,"Mozilla/5.0 (Windows NT 10.0; Win64; x64) AppleWebKit/537.36 (KHTML, like Gecko) Chrome/136.0.0.0 Safari/537.36"
45,test6,test6@gmail.com,LOGIN,User logged in successfully,6/2/2025 11:18,127.0.0.1,"Mozilla/5.0 (Windows NT 10.0; Win64; x64) AppleWebKit/537.36 (KHTML, like Gecko) Chrome/136.0.0.0 Safari/537.36"
46,Jhered Miguel,jheredmiguelrepublica14@gmail.com,LOGIN,User logged in successfully,6/4/2025 16:53,127.0.0.1,"Mozilla/5.0 (Windows NT 10.0; Win64; x64) AppleWebKit/537.36 (KHTML, like Gecko) Chrome/136.0.0.0 Safari/537.36"
47,Jhered Miguel,jheredmiguelrepublica14@gmail.com,LOGIN,User logged in successfully,6/4/2025 16:54,127.0.0.1,"Mozilla/5.0 (Windows NT 10.0; Win64; x64) AppleWebKit/537.36 (KHTML, like Gecko) Chrome/136.0.0.0 Safari/537.36"
48,Jhered Miguel,jheredmiguelrepublica14@gmail.com,LOGIN,User logged in successfully,6/4/2025 16:57,127.0.0.1,"Mozilla/5.0 (Windows NT 10.0; Win64; x64) AppleWebKit/537.36 (KHTML, like Gecko) Chrome/136.0.0.0 Safari/537.36"
49,jhered123,jheredtest@gmail.com,LOGIN,User logged in successfully,6/4/2025 16:58,127.0.0.1,"Mozilla/5.0 (Windows NT 10.0; Win64; x64) AppleWebKit/537.36 (KHTML, like Gecko) Chrome/136.0.0.0 Safari/537.36"
50,jhered123,jheredtest@gmail.com,LOGIN,User logged in successfully,6/6/2025 11:48,127.0.0.1,"Mozilla/5.0 (Windows NT 10.0; Win64; x64) AppleWebKit/537.36 (KHTML, like Gecko) Chrome/134.0.0.0 Safari/537.36 OPR/119.0.0.0"
51,jhered123,jheredtest@gmail.com,LOGIN,User logged in successfully,6/6/2025 12:19,127.0.0.1,"Mozilla/5.0 (Windows NT 10.0; Win64; x64) AppleWebKit/537.36 (KHTML, like Gecko) Chrome/134.0.0.0 Safari/537.36 OPR/119.0.0.0"
52,Jhered Miguel,jheredmiguelrepublica14@gmail.com,LOGIN,User logged in successfully,6/6/2025 13:04,127.0.0.1,"Mozilla/5.0 (Windows NT 10.0; Win64; x64) AppleWebKit/537.36 (KHTML, like Gecko) Chrome/134.0.0.0 Safari/537.36 OPR/119.0.0.0"
53,Jhered Miguel,jheredmiguelrepublica14@gmail.com,LOGIN,User logged in successfully,6/6/2025 13:59,127.0.0.1,"Mozilla/5.0 (Windows NT 10.0; Win64; x64) AppleWebKit/537.36 (KHTML, like Gecko) Chrome/134.0.0.0 Safari/537.36 OPR/119.0.0.0"
54,deadfall,jheredmiguelrepublica14@gmail.com,LOGIN,User logged in successfully,6/6/2025 14:23,127.0.0.1,"Mozilla/5.0 (Windows NT 10.0; Win64; x64) AppleWebKit/537.36 (KHTML, like Gecko) Chrome/134.0.0.0 Safari/537.36 OPR/119.0.0.0"
55,jhered123,jheredtest@gmail.com,LOGIN,User logged in successfully,6/6/2025 14:31,127.0.0.1,"Mozilla/5.0 (Windows NT 10.0; Win64; x64) AppleWebKit/537.36 (KHTML, like Gecko) Chrome/134.0.0.0 Safari/537.36 OPR/119.0.0.0"
56,jhered123,jheredtest@gmail.com,LOGIN,User logged in successfully,6/6/2025 16:43,127.0.0.1,"Mozilla/5.0 (Windows NT 10.0; Win64; x64) AppleWebKit/537.36 (KHTML, like Gecko) Chrome/134.0.0.0 Safari/537.36 OPR/119.0.0.0"
57,jhered123,jheredtest@gmail.com,LOGIN,User logged in successfully,6/6/2025 20:14,127.0.0.1,"Mozilla/5.0 (Windows NT 10.0; Win64; x64) AppleWebKit/537.36 (KHTML, like Gecko) Chrome/134.0.0.0 Safari/537.36 OPR/119.0.0.0"
58,jhered123,jheredtest@gmail.com,LOGIN,User logged in successfully,6/7/2025 1:46,127.0.0.1,"Mozilla/5.0 (Windows NT 10.0; Win64; x64) AppleWebKit/537.36 (KHTML, like Gecko) Chrome/134.0.0.0 Safari/537.36 OPR/119.0.0.0"
test6,,LOGIN,User logged in successfully,2025-06-08 23:32:58,127.0.0.1,"Mozilla/5.0 (Windows NT 10.0; Win64; x64) AppleWebKit/537.36 (KHTML, like Gecko) Chrome/137.0.0.0 Safari/537.36"
test6,,LOGIN,User logged in successfully,2025-06-08 23:33:02,127.0.0.1,"Mozilla/5.0 (Windows NT 10.0; Win64; x64) AppleWebKit/537.36 (KHTML, like Gecko) Chrome/137.0.0.0 Safari/537.36"
test6,,LOGIN,User logged in successfully,2025-06-08 23:35:43,127.0.0.1,"Mozilla/5.0 (Windows NT 10.0; Win64; x64) AppleWebKit/537.36 (KHTML, like Gecko) Chrome/137.0.0.0 Safari/537.36"
test6,,LOGIN,User logged in successfully,2025-06-08 23:36:00,127.0.0.1,"Mozilla/5.0 (Windows NT 10.0; Win64; x64) AppleWebKit/537.36 (KHTML, like Gecko) Chrome/137.0.0.0 Safari/537.36"
test6,,LOGIN,User logged in successfully,2025-06-08 23:36:54,127.0.0.1,"Mozilla/5.0 (Windows NT 10.0; Win64; x64) AppleWebKit/537.36 (KHTML, like Gecko) Chrome/137.0.0.0 Safari/537.36"
test6,,LOGIN,User logged in successfully,2025-06-08 23:40:30,127.0.0.1,"Mozilla/5.0 (Windows NT 10.0; Win64; x64) AppleWebKit/537.36 (KHTML, like Gecko) Chrome/137.0.0.0 Safari/537.36"
test6,,LOGIN,User logged in successfully,2025-06-08 23:40:46,127.0.0.1,"Mozilla/5.0 (Windows NT 10.0; Win64; x64) AppleWebKit/537.36 (KHTML, like Gecko) Chrome/137.0.0.0 Safari/537.36"
test6,,LOGIN,User logged in successfully,2025-06-08 23:41:40,127.0.0.1,"Mozilla/5.0 (Windows NT 10.0; Win64; x64) AppleWebKit/537.36 (KHTML, like Gecko) Chrome/137.0.0.0 Safari/537.36"
test6,,LOGIN,User logged in successfully,2025-06-08 23:43:28,127.0.0.1,"Mozilla/5.0 (Windows NT 10.0; Win64; x64) AppleWebKit/537.36 (KHTML, like Gecko) Chrome/137.0.0.0 Safari/537.36"
test6,,LOGIN,User logged in successfully,2025-06-08 23:44:14,127.0.0.1,"Mozilla/5.0 (Windows NT 10.0; Win64; x64) AppleWebKit/537.36 (KHTML, like Gecko) Chrome/137.0.0.0 Safari/537.36"
test6,,LOGIN,User logged in successfully,2025-06-08 23:46:14,127.0.0.1,"Mozilla/5.0 (Windows NT 10.0; Win64; x64) AppleWebKit/537.36 (KHTML, like Gecko) Chrome/137.0.0.0 Safari/537.36"
test6,,LOGIN,User logged in successfully,2025-06-08 23:46:57,127.0.0.1,"Mozilla/5.0 (Windows NT 10.0; Win64; x64) AppleWebKit/537.36 (KHTML, like Gecko) Chrome/137.0.0.0 Safari/537.36"
test6,,LOGIN,User logged in successfully,2025-06-08 23:48:26,127.0.0.1,"Mozilla/5.0 (Windows NT 10.0; Win64; x64) AppleWebKit/537.36 (KHTML, like Gecko) Chrome/137.0.0.0 Safari/537.36"
test6,,LOGIN,User logged in successfully,2025-06-08 23:48:44,127.0.0.1,"Mozilla/5.0 (Windows NT 10.0; Win64; x64) AppleWebKit/537.36 (KHTML, like Gecko) Chrome/137.0.0.0 Safari/537.36"
test6,,LOGIN,User logged in successfully,2025-06-09 09:56:06,127.0.0.1,"Mozilla/5.0 (Windows NT 10.0; Win64; x64) AppleWebKit/537.36 (KHTML, like Gecko) Chrome/137.0.0.0 Safari/537.36"
test6,,LOGIN,User logged in successfully,2025-06-09 10:02:18,127.0.0.1,"Mozilla/5.0 (Windows NT 10.0; Win64; x64) AppleWebKit/537.36 (KHTML, like Gecko) Chrome/137.0.0.0 Safari/537.36"
test6,,LOGIN,User logged in successfully,2025-06-09 10:02:18,127.0.0.1,"Mozilla/5.0 (Windows NT 10.0; Win64; x64) AppleWebKit/537.36 (KHTML, like Gecko) Chrome/137.0.0.0 Safari/537.36"
test6,,LOGIN,User logged in successfully,2025-06-09 10:02:35,127.0.0.1,"Mozilla/5.0 (Windows NT 10.0; Win64; x64) AppleWebKit/537.36 (KHTML, like Gecko) Chrome/137.0.0.0 Safari/537.36"
test6,,LOGIN,User logged in successfully,2025-06-09 10:04:02,127.0.0.1,"Mozilla/5.0 (Windows NT 10.0; Win64; x64) AppleWebKit/537.36 (KHTML, like Gecko) Chrome/137.0.0.0 Safari/537.36"
test6,test6@gmail.com,LOGIN,User logged in successfully,2025-06-09 10:07:38,127.0.0.1,"Mozilla/5.0 (Windows NT 10.0; Win64; x64) AppleWebKit/537.36 (KHTML, like Gecko) Chrome/137.0.0.0 Safari/537.36"
test6,test6@gmail.com,LOGIN,User logged in successfully,2025-06-09 10:08:28,127.0.0.1,"Mozilla/5.0 (Windows NT 10.0; Win64; x64) AppleWebKit/537.36 (KHTML, like Gecko) Chrome/137.0.0.0 Safari/537.36"
test6,test6@gmail.com,LOGIN,User logged in successfully,2025-06-09 10:09:14,127.0.0.1,"Mozilla/5.0 (Windows NT 10.0; Win64; x64) AppleWebKit/537.36 (KHTML, like Gecko) Chrome/137.0.0.0 Safari/537.36"
test6,test6@gmail.com,LOGIN,User logged in successfully,2025-06-09 10:09:57,127.0.0.1,"Mozilla/5.0 (Windows NT 10.0; Win64; x64) AppleWebKit/537.36 (KHTML, like Gecko) Chrome/137.0.0.0 Safari/537.36"
test6,test6@gmail.com,LOGIN,User logged in successfully,2025-06-09 10:18:11,127.0.0.1,"Mozilla/5.0 (Windows NT 10.0; Win64; x64) AppleWebKit/537.36 (KHTML, like Gecko) Chrome/137.0.0.0 Safari/537.36"
test6,jhered@gmail.com,LOGIN,User logged in successfully,2025-06-09 10:18:52,127.0.0.1,"Mozilla/5.0 (Windows NT 10.0; Win64; x64) AppleWebKit/537.36 (KHTML, like Gecko) Chrome/137.0.0.0 Safari/537.36"
test6,jhered@gmail.com,LOGIN,User logged in successfully,2025-06-09 10:20:17,127.0.0.1,"Mozilla/5.0 (Windows NT 10.0; Win64; x64) AppleWebKit/537.36 (KHTML, like Gecko) Chrome/137.0.0.0 Safari/537.36"
test6,jhered@gmail.com,LOGIN,User logged in successfully,2025-06-09 10:23:40,127.0.0.1,"Mozilla/5.0 (Windows NT 10.0; Win64; x64) AppleWebKit/537.36 (KHTML, like Gecko) Chrome/137.0.0.0 Safari/537.36"
test6,jhered@gmail.com,LOGIN,User logged in successfully,2025-06-09 10:29:52,127.0.0.1,"Mozilla/5.0 (Windows NT 10.0; Win64; x64) AppleWebKit/537.36 (KHTML, like Gecko) Chrome/137.0.0.0 Safari/537.36"
test6,test6@gmail.com,LOGIN,User logged in successfully,2025-06-09 10:32:13,127.0.0.1,"Mozilla/5.0 (Windows NT 10.0; Win64; x64) AppleWebKit/537.36 (KHTML, like Gecko) Chrome/137.0.0.0 Safari/537.36"
test6,test6@gmail.com,LOGIN,User logged in successfully,2025-06-09 10:34:34,127.0.0.1,"Mozilla/5.0 (Windows NT 10.0; Win64; x64) AppleWebKit/537.36 (KHTML, like Gecko) Chrome/137.0.0.0 Safari/537.36"
test6,test6@gmail.com,LOGIN,User logged in successfully,2025-06-09 10:39:40,127.0.0.1,"Mozilla/5.0 (Windows NT 10.0; Win64; x64) AppleWebKit/537.36 (KHTML, like Gecko) Chrome/137.0.0.0 Safari/537.36"
test6,test@gmail.com,LOGIN,User logged in successfully,2025-06-09 10:42:27,127.0.0.1,"Mozilla/5.0 (Windows NT 10.0; Win64; x64) AppleWebKit/537.36 (KHTML, like Gecko) Chrome/137.0.0.0 Safari/537.36"
test6,test@gmail.com,LOGIN,User logged in successfully,2025-06-09 10:44:21,127.0.0.1,"Mozilla/5.0 (Windows NT 10.0; Win64; x64) AppleWebKit/537.36 (KHTML, like Gecko) Chrome/137.0.0.0 Safari/537.36"
test6,test6@gmail.com,LOGIN,User logged in successfully,2025-06-09 10:44:54,127.0.0.1,"Mozilla/5.0 (Windows NT 10.0; Win64; x64) AppleWebKit/537.36 (KHTML, like Gecko) Chrome/137.0.0.0 Safari/537.36"
apennington,adele.pennington@gmail.com,LOGIN,User logged in successfully,2025-06-09 10:46:35,127.0.0.1,"Mozilla/5.0 (Windows NT 10.0; Win64; x64) AppleWebKit/537.36 (KHTML, like Gecko) Chrome/137.0.0.0 Safari/537.36"
test6,test6@gmail.com,LOGIN,User logged in successfully,2025-06-09 10:47:10,127.0.0.1,"Mozilla/5.0 (Windows NT 10.0; Win64; x64) AppleWebKit/537.36 (KHTML, like Gecko) Chrome/137.0.0.0 Safari/537.36"
test6,test6@gmail.com,LOGIN,User logged in successfully,2025-06-09 10:53:41,127.0.0.1,"Mozilla/5.0 (Windows NT 10.0; Win64; x64) AppleWebKit/537.36 (KHTML, like Gecko) Chrome/137.0.0.0 Safari/537.36"
test6,test6@gmail.com,LOGIN,User logged in successfully,2025-06-09 11:10:44,127.0.0.1,"Mozilla/5.0 (Windows NT 10.0; Win64; x64) AppleWebKit/537.36 (KHTML, like Gecko) Chrome/137.0.0.0 Safari/537.36"
test6,test6@gmail.com,LOGIN,User logged in successfully,2025-06-09 11:16:19,127.0.0.1,"Mozilla/5.0 (Windows NT 10.0; Win64; x64) AppleWebKit/537.36 (KHTML, like Gecko) Chrome/137.0.0.0 Safari/537.36"
test6,test6@gmail.com,LOGIN,User logged in successfully,2025-06-09 11:19:27,127.0.0.1,"Mozilla/5.0 (Windows NT 10.0; Win64; x64) AppleWebKit/537.36 (KHTML, like Gecko) Chrome/137.0.0.0 Safari/537.36"
jheredtest,jheredmiguelrepublica14@gmail.com,LOGIN,User logged in successfully,2025-06-09 11:46:10,127.0.0.1,"Mozilla/5.0 (Windows NT 10.0; Win64; x64) AppleWebKit/537.36 (KHTML, like Gecko) Chrome/137.0.0.0 Safari/537.36"
apennington,adele.pennington@gmail.com,LOGIN,User logged in successfully,2025-06-09 11:46:40,127.0.0.1,"Mozilla/5.0 (Windows NT 10.0; Win64; x64) AppleWebKit/537.36 (KHTML, like Gecko) Chrome/137.0.0.0 Safari/537.36"
test6,test6@gmail.com,LOGIN,User logged in successfully,2025-06-09 11:49:19,127.0.0.1,"Mozilla/5.0 (Windows NT 10.0; Win64; x64) AppleWebKit/537.36 (KHTML, like Gecko) Chrome/137.0.0.0 Safari/537.36"
msmith16,mary.smith16@gmail.com,LOGIN,User logged in successfully,2025-06-09 11:52:24,127.0.0.1,"Mozilla/5.0 (Windows NT 10.0; Win64; x64) AppleWebKit/537.36 (KHTML, like Gecko) Chrome/137.0.0.0 Safari/537.36"
test6,test6@gmail.com,LOGIN,User logged in successfully,2025-06-09 11:52:37,127.0.0.1,"Mozilla/5.0 (Windows NT 10.0; Win64; x64) AppleWebKit/537.36 (KHTML, like Gecko) Chrome/137.0.0.0 Safari/537.36"
jheredtest,jheredmiguelrepublica14@gmail.com,LOGIN,User logged in successfully,2025-06-09 11:52:59,127.0.0.1,"Mozilla/5.0 (Windows NT 10.0; Win64; x64) AppleWebKit/537.36 (KHTML, like Gecko) Chrome/137.0.0.0 Safari/537.36"
jheredtest,jheredmiguelrepublica14@gmail.com,LOGIN,User logged in successfully,2025-06-09 12:12:43,127.0.0.1,"Mozilla/5.0 (Windows NT 10.0; Win64; x64) AppleWebKit/537.36 (KHTML, like Gecko) Chrome/137.0.0.0 Safari/537.36"
test6,test6@gmail.com,LOGIN,User logged in successfully,2025-06-09 12:26:13,127.0.0.1,"Mozilla/5.0 (Windows NT 10.0; Win64; x64) AppleWebKit/537.36 (KHTML, like Gecko) Chrome/137.0.0.0 Safari/537.36"
test6,test6@gmail.com,LOGIN,User logged in successfully,2025-06-10 21:08:19,127.0.0.1,"Mozilla/5.0 (Windows NT 10.0; Win64; x64) AppleWebKit/537.36 (KHTML, like Gecko) Chrome/137.0.0.0 Safari/537.36"
test6,test6@gmail.com,LOGIN,User logged in successfully,2025-06-11 18:54:36,127.0.0.1,"Mozilla/5.0 (Windows NT 10.0; Win64; x64) AppleWebKit/537.36 (KHTML, like Gecko) Chrome/137.0.0.0 Safari/537.36"
test6,test6@gmail.com,LOGIN,User logged in successfully,2025-06-11 18:55:07,127.0.0.1,"Mozilla/5.0 (Windows NT 10.0; Win64; x64) AppleWebKit/537.36 (KHTML, like Gecko) Chrome/137.0.0.0 Safari/537.36"
test6,test6@gmail.com,LOGIN,User logged in successfully,2025-06-11 19:03:10,127.0.0.1,"Mozilla/5.0 (Windows NT 10.0; Win64; x64) AppleWebKit/537.36 (KHTML, like Gecko) Chrome/137.0.0.0 Safari/537.36"
test6,test6@gmail.com,LOGIN,User logged in successfully,2025-06-11 19:04:38,127.0.0.1,"Mozilla/5.0 (Windows NT 10.0; Win64; x64) AppleWebKit/537.36 (KHTML, like Gecko) Chrome/137.0.0.0 Safari/537.36"
test6,test6@gmail.com,LOGIN,User logged in successfully,2025-06-11 19:06:55,127.0.0.1,"Mozilla/5.0 (Windows NT 10.0; Win64; x64) AppleWebKit/537.36 (KHTML, like Gecko) Chrome/137.0.0.0 Safari/537.36"
test6,test6@gmail.com,LOGIN,User logged in successfully,2025-06-11 19:08:29,127.0.0.1,"Mozilla/5.0 (Windows NT 10.0; Win64; x64) AppleWebKit/537.36 (KHTML, like Gecko) Chrome/137.0.0.0 Safari/537.36"
apennington,adele.pennington@gmail.com,LOGIN,User logged in successfully,2025-06-11 19:29:01,127.0.0.1,"Mozilla/5.0 (Windows NT 10.0; Win64; x64) AppleWebKit/537.36 (KHTML, like Gecko) Chrome/137.0.0.0 Safari/537.36"
test6,test6@gmail.com,LOGIN,User logged in successfully,2025-06-11 19:38:10,127.0.0.1,"Mozilla/5.0 (Windows NT 10.0; Win64; x64) AppleWebKit/537.36 (KHTML, like Gecko) Chrome/137.0.0.0 Safari/537.36"
test6,test6@gmail.com,LOGIN,User logged in successfully,2025-06-11 19:59:55,127.0.0.1,"Mozilla/5.0 (Windows NT 10.0; Win64; x64) AppleWebKit/537.36 (KHTML, like Gecko) Chrome/137.0.0.0 Safari/537.36"
test6,test6@gmail.com,LOGIN,User logged in successfully,2025-06-11 23:48:08,127.0.0.1,"Mozilla/5.0 (Windows NT 10.0; Win64; x64) AppleWebKit/537.36 (KHTML, like Gecko) Chrome/137.0.0.0 Safari/537.36"
test6,test6@gmail.com,LOGIN,User logged in successfully,2025-06-11 23:52:46,127.0.0.1,"Mozilla/5.0 (Windows NT 10.0; Win64; x64) AppleWebKit/537.36 (KHTML, like Gecko) Chrome/137.0.0.0 Safari/537.36"
test6,test6@gmail.com,LOGIN,User logged in successfully,2025-06-12 00:54:13,127.0.0.1,"Mozilla/5.0 (Windows NT 10.0; Win64; x64) AppleWebKit/537.36 (KHTML, like Gecko) Chrome/137.0.0.0 Safari/537.36"
test6,test6@gmail.com,LOGIN,User logged in successfully,2025-06-12 09:10:22,127.0.0.1,"Mozilla/5.0 (Windows NT 10.0; Win64; x64) AppleWebKit/537.36 (KHTML, like Gecko) Chrome/137.0.0.0 Safari/537.36"
test6,test6@gmail.com,LOGIN,User logged in successfully,2025-06-12 09:41:43,127.0.0.1,"Mozilla/5.0 (Windows NT 10.0; Win64; x64) AppleWebKit/537.36 (KHTML, like Gecko) Chrome/137.0.0.0 Safari/537.36"
test6,test6@gmail.com,LOGIN,User logged in successfully,2025-06-12 09:56:54,127.0.0.1,"Mozilla/5.0 (Windows NT 10.0; Win64; x64) AppleWebKit/537.36 (KHTML, like Gecko) Chrome/137.0.0.0 Safari/537.36"
test6,test6@gmail.com,LOGIN,User logged in successfully,2025-06-12 10:54:37,127.0.0.1,"Mozilla/5.0 (Windows NT 10.0; Win64; x64) AppleWebKit/537.36 (KHTML, like Gecko) Chrome/137.0.0.0 Safari/537.36"
test6,test6@gmail.com,LOGIN,User logged in successfully,2025-06-12 10:58:43,127.0.0.1,"Mozilla/5.0 (Windows NT 10.0; Win64; x64) AppleWebKit/537.36 (KHTML, like Gecko) Chrome/137.0.0.0 Safari/537.36"
test6,test6@gmail.com,LOGIN,User logged in successfully,2025-06-12 18:08:35,127.0.0.1,"Mozilla/5.0 (Windows NT 10.0; Win64; x64) AppleWebKit/537.36 (KHTML, like Gecko) Chrome/137.0.0.0 Safari/537.36"
test6,test6@gmail.com,LOGIN,User logged in successfully,2025-06-12 18:20:58,127.0.0.1,"Mozilla/5.0 (Windows NT 10.0; Win64; x64) AppleWebKit/537.36 (KHTML, like Gecko) Chrome/137.0.0.0 Safari/537.36"
test6,test6@gmail.com,LOGIN,User logged in successfully,2025-06-12 18:46:41,127.0.0.1,"Mozilla/5.0 (Windows NT 10.0; Win64; x64) AppleWebKit/537.36 (KHTML, like Gecko) Chrome/137.0.0.0 Safari/537.36"
test6,test6@gmail.com,LOGIN,User logged in successfully,2025-06-14 10:06:23,127.0.0.1,"Mozilla/5.0 (Windows NT 10.0; Win64; x64) AppleWebKit/537.36 (KHTML, like Gecko) Chrome/137.0.0.0 Safari/537.36"
test6,test6@gmail.com,LOGIN,User logged in successfully,2025-06-14 10:08:24,127.0.0.1,"Mozilla/5.0 (Windows NT 10.0; Win64; x64) AppleWebKit/537.36 (KHTML, like Gecko) Chrome/137.0.0.0 Safari/537.36"
test6,test6@gmail.com,LOGIN,User logged in successfully,2025-06-14 10:13:01,127.0.0.1,"Mozilla/5.0 (Windows NT 10.0; Win64; x64) AppleWebKit/537.36 (KHTML, like Gecko) Chrome/137.0.0.0 Safari/537.36"
test6,test6@gmail.com,LOGIN,User logged in successfully,2025-06-14 10:14:59,127.0.0.1,"Mozilla/5.0 (Windows NT 10.0; Win64; x64) AppleWebKit/537.36 (KHTML, like Gecko) Chrome/137.0.0.0 Safari/537.36"
test6,test6@gmail.com,LOGIN,User logged in successfully,2025-06-14 10:16:38,127.0.0.1,"Mozilla/5.0 (Windows NT 10.0; Win64; x64) AppleWebKit/537.36 (KHTML, like Gecko) Chrome/137.0.0.0 Safari/537.36"
test6,test6@gmail.com,LOGIN,User logged in successfully,2025-06-14 10:17:00,127.0.0.1,"Mozilla/5.0 (Windows NT 10.0; Win64; x64) AppleWebKit/537.36 (KHTML, like Gecko) Chrome/137.0.0.0 Safari/537.36"
test6,test6@gmail.com,LOGIN,User logged in successfully,2025-06-15 16:49:18,127.0.0.1,"Mozilla/5.0 (Windows NT 10.0; Win64; x64) AppleWebKit/537.36 (KHTML, like Gecko) Chrome/137.0.0.0 Safari/537.36"
lsmith1,lisa.smith@gmail.com,LOGIN,User logged in successfully,2025-06-15 21:14:26,127.0.0.1,"Mozilla/5.0 (Windows NT 10.0; Win64; x64) AppleWebKit/537.36 (KHTML, like Gecko) Chrome/137.0.0.0 Safari/537.36"
lsmith1,lisa.smith@gmail.com,LOGIN,User logged in successfully,2025-06-15 21:40:36,127.0.0.1,"Mozilla/5.0 (Windows NT 10.0; Win64; x64) AppleWebKit/537.36 (KHTML, like Gecko) Chrome/137.0.0.0 Safari/537.36"
mgrimes1,mary.grimes@gmail.com,LOGIN,User logged in successfully,2025-06-15 21:44:46,127.0.0.1,"Mozilla/5.0 (Windows NT 10.0; Win64; x64) AppleWebKit/537.36 (KHTML, like Gecko) Chrome/137.0.0.0 Safari/537.36"
mgrimes1,mary.grimes@gmail.com,LOGIN,User logged in successfully,2025-06-15 21:46:13,127.0.0.1,"Mozilla/5.0 (Windows NT 10.0; Win64; x64) AppleWebKit/537.36 (KHTML, like Gecko) Chrome/137.0.0.0 Safari/537.36"
myoder,mary.yoder@gmail.com,LOGIN,User logged in successfully,2025-06-15 21:47:18,127.0.0.1,"Mozilla/5.0 (Windows NT 10.0; Win64; x64) AppleWebKit/537.36 (KHTML, like Gecko) Chrome/137.0.0.0 Safari/537.36"
msmith1,mary.smith1@gmail.com,LOGIN,User logged in successfully,2025-06-15 21:48:04,127.0.0.1,"Mozilla/5.0 (Windows NT 10.0; Win64; x64) AppleWebKit/537.36 (KHTML, like Gecko) Chrome/137.0.0.0 Safari/537.36"
pwoodward,patience.woodward@gmail.com,LOGIN,User logged in successfully,2025-06-15 21:49:20,127.0.0.1,"Mozilla/5.0 (Windows NT 10.0; Win64; x64) AppleWebKit/537.36 (KHTML, like Gecko) Chrome/137.0.0.0 Safari/537.36"
shester,summer.hester@gmail.com,LOGIN,User logged in successfully,2025-06-15 21:50:07,127.0.0.1,"Mozilla/5.0 (Windows NT 10.0; Win64; x64) AppleWebKit/537.36 (KHTML, like Gecko) Chrome/137.0.0.0 Safari/537.36"
dyoung,denise.young@gmail.com,LOGIN,User logged in successfully,2025-06-15 21:50:52,127.0.0.1,"Mozilla/5.0 (Windows NT 10.0; Win64; x64) AppleWebKit/537.36 (KHTML, like Gecko) Chrome/137.0.0.0 Safari/537.36"
lsmith1,lisa.smith@gmail.com,LOGIN,User logged in successfully,2025-06-15 22:07:18,127.0.0.1,"Mozilla/5.0 (Windows NT 10.0; Win64; x64) AppleWebKit/537.36 (KHTML, like Gecko) Chrome/137.0.0.0 Safari/537.36"
mgrimes1,mary.grimes@gmail.com,LOGIN,User logged in successfully,2025-06-15 22:07:53,127.0.0.1,"Mozilla/5.0 (Windows NT 10.0; Win64; x64) AppleWebKit/537.36 (KHTML, like Gecko) Chrome/137.0.0.0 Safari/537.36"
rbruce,rhonda.bruce@gmail.com,LOGIN,User logged in successfully,2025-06-15 22:08:34,127.0.0.1,"Mozilla/5.0 (Windows NT 10.0; Win64; x64) AppleWebKit/537.36 (KHTML, like Gecko) Chrome/137.0.0.0 Safari/537.36"
jhickman,joan.hickman@gmail.com,LOGIN,User logged in successfully,2025-06-15 22:10:02,127.0.0.1,"Mozilla/5.0 (Windows NT 10.0; Win64; x64) AppleWebKit/537.36 (KHTML, like Gecko) Chrome/137.0.0.0 Safari/537.36"
mmccoy,mary.mccoy@gmail.com,LOGIN,User logged in successfully,2025-06-15 22:11:28,127.0.0.1,"Mozilla/5.0 (Windows NT 10.0; Win64; x64) AppleWebKit/537.36 (KHTML, like Gecko) Chrome/137.0.0.0 Safari/537.36"
mbarnett,mary.barnett@gmail.com,LOGIN,User logged in successfully,2025-06-15 22:12:18,127.0.0.1,"Mozilla/5.0 (Windows NT 10.0; Win64; x64) AppleWebKit/537.36 (KHTML, like Gecko) Chrome/137.0.0.0 Safari/537.36"
mhenry,mary.henry@gmail.com,LOGIN,User logged in successfully,2025-06-15 22:12:58,127.0.0.1,"Mozilla/5.0 (Windows NT 10.0; Win64; x64) AppleWebKit/537.36 (KHTML, like Gecko) Chrome/137.0.0.0 Safari/537.36"
asmith,ann.smith@gmail.com,LOGIN,User logged in successfully,2025-06-15 22:14:12,127.0.0.1,"Mozilla/5.0 (Windows NT 10.0; Win64; x64) AppleWebKit/537.36 (KHTML, like Gecko) Chrome/137.0.0.0 Safari/537.36"
mclark,mary.clark@gmail.com,LOGIN,User logged in successfully,2025-06-15 22:15:14,127.0.0.1,"Mozilla/5.0 (Windows NT 10.0; Win64; x64) AppleWebKit/537.36 (KHTML, like Gecko) Chrome/137.0.0.0 Safari/537.36"
dsmith,diana.smith@gmail.com,LOGIN,User logged in successfully,2025-06-15 22:17:05,127.0.0.1,"Mozilla/5.0 (Windows NT 10.0; Win64; x64) AppleWebKit/537.36 (KHTML, like Gecko) Chrome/137.0.0.0 Safari/537.36"
gsmith,george.smith@gmail.com,LOGIN,User logged in successfully,2025-06-15 22:18:06,127.0.0.1,"Mozilla/5.0 (Windows NT 10.0; Win64; x64) AppleWebKit/537.36 (KHTML, like Gecko) Chrome/137.0.0.0 Safari/537.36"
mroth,mary.roth@gmail.com,LOGIN,User logged in successfully,2025-06-15 22:19:04,127.0.0.1,"Mozilla/5.0 (Windows NT 10.0; Win64; x64) AppleWebKit/537.36 (KHTML, like Gecko) Chrome/137.0.0.0 Safari/537.36"
mbranch,mary.branch@gmail.com,LOGIN,User logged in successfully,2025-06-15 22:20:08,127.0.0.1,"Mozilla/5.0 (Windows NT 10.0; Win64; x64) AppleWebKit/537.36 (KHTML, like Gecko) Chrome/137.0.0.0 Safari/537.36"
elang,eric.lang@gmail.com,LOGIN,User logged in successfully,2025-06-15 22:20:57,127.0.0.1,"Mozilla/5.0 (Windows NT 10.0; Win64; x64) AppleWebKit/537.36 (KHTML, like Gecko) Chrome/137.0.0.0 Safari/537.36"
hburris,hyacinth.burris@gmail.com,LOGIN,User logged in successfully,2025-06-15 22:21:48,127.0.0.1,"Mozilla/5.0 (Windows NT 10.0; Win64; x64) AppleWebKit/537.36 (KHTML, like Gecko) Chrome/137.0.0.0 Safari/537.36"
dburgess,debra.burgess@gmail.com,LOGIN,User logged in successfully,2025-06-15 22:22:32,127.0.0.1,"Mozilla/5.0 (Windows NT 10.0; Win64; x64) AppleWebKit/537.36 (KHTML, like Gecko) Chrome/137.0.0.0 Safari/537.36"
jleblanc,jane.leblanc@gmail.com,LOGIN,User logged in successfully,2025-06-15 22:23:06,127.0.0.1,"Mozilla/5.0 (Windows NT 10.0; Win64; x64) AppleWebKit/537.36 (KHTML, like Gecko) Chrome/137.0.0.0 Safari/537.36"
ptrevino,pascale.trevino@gmail.com,LOGIN,User logged in successfully,2025-06-15 22:23:43,127.0.0.1,"Mozilla/5.0 (Windows NT 10.0; Win64; x64) AppleWebKit/537.36 (KHTML, like Gecko) Chrome/137.0.0.0 Safari/537.36"
sjohnston,sacha.johnston@gmail.com,LOGIN,User logged in successfully,2025-06-15 22:24:40,127.0.0.1,"Mozilla/5.0 (Windows NT 10.0; Win64; x64) AppleWebKit/537.36 (KHTML, like Gecko) Chrome/137.0.0.0 Safari/537.36"
pparsons,patrick.parsons@gmail.com,LOGIN,User logged in successfully,2025-06-15 22:25:18,127.0.0.1,"Mozilla/5.0 (Windows NT 10.0; Win64; x64) AppleWebKit/537.36 (KHTML, like Gecko) Chrome/137.0.0.0 Safari/537.36"
jbuckley,joan.buckley@gmail.com,LOGIN,User logged in successfully,2025-06-15 22:25:58,127.0.0.1,"Mozilla/5.0 (Windows NT 10.0; Win64; x64) AppleWebKit/537.36 (KHTML, like Gecko) Chrome/137.0.0.0 Safari/537.36"
jmack,jesse.mack@gmail.com,LOGIN,User logged in successfully,2025-06-15 22:26:30,127.0.0.1,"Mozilla/5.0 (Windows NT 10.0; Win64; x64) AppleWebKit/537.36 (KHTML, like Gecko) Chrome/137.0.0.0 Safari/537.36"
msmith2,mary.smith2@gmail.com,LOGIN,User logged in successfully,2025-06-15 22:28:51,127.0.0.1,"Mozilla/5.0 (Windows NT 10.0; Win64; x64) AppleWebKit/537.36 (KHTML, like Gecko) Chrome/137.0.0.0 Safari/537.36"
mfitzpatrick,mary.fitzpatrick@gmail.com,LOGIN,User logged in successfully,2025-06-15 22:30:44,127.0.0.1,"Mozilla/5.0 (Windows NT 10.0; Win64; x64) AppleWebKit/537.36 (KHTML, like Gecko) Chrome/137.0.0.0 Safari/537.36"
jsmith,jack.smith@gmail.com,LOGIN,User logged in successfully,2025-06-15 22:31:37,127.0.0.1,"Mozilla/5.0 (Windows NT 10.0; Win64; x64) AppleWebKit/537.36 (KHTML, like Gecko) Chrome/137.0.0.0 Safari/537.36"
msmith3,mary.smith3@gmail.com,LOGIN,User logged in successfully,2025-06-15 22:33:08,127.0.0.1,"Mozilla/5.0 (Windows NT 10.0; Win64; x64) AppleWebKit/537.36 (KHTML, like Gecko) Chrome/137.0.0.0 Safari/537.36"
dsuarez,daniel.suarez@gmail.com,LOGIN,User logged in successfully,2025-06-15 22:33:47,127.0.0.1,"Mozilla/5.0 (Windows NT 10.0; Win64; x64) AppleWebKit/537.36 (KHTML, like Gecko) Chrome/137.0.0.0 Safari/537.36"
mbranch,mary.branch@gmail.com,LOGIN,User logged in successfully,2025-06-15 22:36:22,127.0.0.1,"Mozilla/5.0 (Windows NT 10.0; Win64; x64) AppleWebKit/537.36 (KHTML, like Gecko) Chrome/137.0.0.0 Safari/537.36"
elang,eric.lang@gmail.com,LOGIN,User logged in successfully,2025-06-15 22:37:20,127.0.0.1,"Mozilla/5.0 (Windows NT 10.0; Win64; x64) AppleWebKit/537.36 (KHTML, like Gecko) Chrome/137.0.0.0 Safari/537.36"
hburris,hyacinth.burris@gmail.com,LOGIN,User logged in successfully,2025-06-15 22:38:10,127.0.0.1,"Mozilla/5.0 (Windows NT 10.0; Win64; x64) AppleWebKit/537.36 (KHTML, like Gecko) Chrome/137.0.0.0 Safari/537.36"
dburgess,debra.burgess@gmail.com,LOGIN,User logged in successfully,2025-06-15 22:39:07,127.0.0.1,"Mozilla/5.0 (Windows NT 10.0; Win64; x64) AppleWebKit/537.36 (KHTML, like Gecko) Chrome/137.0.0.0 Safari/537.36"
jleblanc,jane.leblanc@gmail.com,LOGIN,User logged in successfully,2025-06-15 22:40:03,127.0.0.1,"Mozilla/5.0 (Windows NT 10.0; Win64; x64) AppleWebKit/537.36 (KHTML, like Gecko) Chrome/137.0.0.0 Safari/537.36"
ptrevino,pascale.trevino@gmail.com,LOGIN,User logged in successfully,2025-06-15 22:40:47,127.0.0.1,"Mozilla/5.0 (Windows NT 10.0; Win64; x64) AppleWebKit/537.36 (KHTML, like Gecko) Chrome/137.0.0.0 Safari/537.36"
sjohnston,sacha.johnston@gmail.com,LOGIN,User logged in successfully,2025-06-15 22:41:54,127.0.0.1,"Mozilla/5.0 (Windows NT 10.0; Win64; x64) AppleWebKit/537.36 (KHTML, like Gecko) Chrome/137.0.0.0 Safari/537.36"
pparsons,patrick.parsons@gmail.com,LOGIN,User logged in successfully,2025-06-15 22:42:40,127.0.0.1,"Mozilla/5.0 (Windows NT 10.0; Win64; x64) AppleWebKit/537.36 (KHTML, like Gecko) Chrome/137.0.0.0 Safari/537.36"
jbuckley,joan.buckley@gmail.com,LOGIN,User logged in successfully,2025-06-15 22:43:25,127.0.0.1,"Mozilla/5.0 (Windows NT 10.0; Win64; x64) AppleWebKit/537.36 (KHTML, like Gecko) Chrome/137.0.0.0 Safari/537.36"
jmack,jesse.mack@gmail.com,LOGIN,User logged in successfully,2025-06-15 22:43:56,127.0.0.1,"Mozilla/5.0 (Windows NT 10.0; Win64; x64) AppleWebKit/537.36 (KHTML, like Gecko) Chrome/137.0.0.0 Safari/537.36"
msmith2,mary.smith2@gmail.com,LOGIN,User logged in successfully,2025-06-15 22:45:17,127.0.0.1,"Mozilla/5.0 (Windows NT 10.0; Win64; x64) AppleWebKit/537.36 (KHTML, like Gecko) Chrome/137.0.0.0 Safari/537.36"
mfitzpatrick,mary.fitzpatrick@gmail.com,LOGIN,User logged in successfully,2025-06-15 22:45:47,127.0.0.1,"Mozilla/5.0 (Windows NT 10.0; Win64; x64) AppleWebKit/537.36 (KHTML, like Gecko) Chrome/137.0.0.0 Safari/537.36"
jsmith,jack.smith@gmail.com,LOGIN,User logged in successfully,2025-06-15 22:46:17,127.0.0.1,"Mozilla/5.0 (Windows NT 10.0; Win64; x64) AppleWebKit/537.36 (KHTML, like Gecko) Chrome/137.0.0.0 Safari/537.36"
msmith3,mary.smith3@gmail.com,LOGIN,User logged in successfully,2025-06-15 22:46:47,127.0.0.1,"Mozilla/5.0 (Windows NT 10.0; Win64; x64) AppleWebKit/537.36 (KHTML, like Gecko) Chrome/137.0.0.0 Safari/537.36"
dsuarez,daniel.suarez@gmail.com,LOGIN,User logged in successfully,2025-06-15 22:47:14,127.0.0.1,"Mozilla/5.0 (Windows NT 10.0; Win64; x64) AppleWebKit/537.36 (KHTML, like Gecko) Chrome/137.0.0.0 Safari/537.36"
dsuarez,daniel.suarez@gmail.com,LOGIN,User logged in successfully,2025-06-15 22:47:51,127.0.0.1,"Mozilla/5.0 (Windows NT 10.0; Win64; x64) AppleWebKit/537.36 (KHTML, like Gecko) Chrome/137.0.0.0 Safari/537.36"
tsmith,thomas.smith@gmail.com,LOGIN,User logged in successfully,2025-06-15 22:48:44,127.0.0.1,"Mozilla/5.0 (Windows NT 10.0; Win64; x64) AppleWebKit/537.36 (KHTML, like Gecko) Chrome/137.0.0.0 Safari/537.36"
esmith,evelyn.smith@gmail.com,LOGIN,User logged in successfully,2025-06-15 22:51:35,127.0.0.1,"Mozilla/5.0 (Windows NT 10.0; Win64; x64) AppleWebKit/537.36 (KHTML, like Gecko) Chrome/137.0.0.0 Safari/537.36"
ssmith,susan.smith@gmail.com,LOGIN,User logged in successfully,2025-06-15 22:52:39,127.0.0.1,"Mozilla/5.0 (Windows NT 10.0; Win64; x64) AppleWebKit/537.36 (KHTML, like Gecko) Chrome/137.0.0.0 Safari/537.36"
jgraves,joseph.graves@gmail.com,LOGIN,User logged in successfully,2025-06-15 22:53:12,127.0.0.1,"Mozilla/5.0 (Windows NT 10.0; Win64; x64) AppleWebKit/537.36 (KHTML, like Gecko) Chrome/137.0.0.0 Safari/537.36"
rleonard,roanna.leonard@gmail.com,LOGIN,User logged in successfully,2025-06-15 22:53:42,127.0.0.1,"Mozilla/5.0 (Windows NT 10.0; Win64; x64) AppleWebKit/537.36 (KHTML, like Gecko) Chrome/137.0.0.0 Safari/537.36"
rnoel,ramona.noel@gmail.com,LOGIN,User logged in successfully,2025-06-15 22:54:39,127.0.0.1,"Mozilla/5.0 (Windows NT 10.0; Win64; x64) AppleWebKit/537.36 (KHTML, like Gecko) Chrome/137.0.0.0 Safari/537.36"
mdunn,mary.dunn@gmail.com,LOGIN,User logged in successfully,2025-06-15 22:55:18,127.0.0.1,"Mozilla/5.0 (Windows NT 10.0; Win64; x64) AppleWebKit/537.36 (KHTML, like Gecko) Chrome/137.0.0.0 Safari/537.36"
rmorton,rosalyn.morton@gmail.com,LOGIN,User logged in successfully,2025-06-15 22:55:57,127.0.0.1,"Mozilla/5.0 (Windows NT 10.0; Win64; x64) AppleWebKit/537.36 (KHTML, like Gecko) Chrome/137.0.0.0 Safari/537.36"
mmcfarland,maria.mcfarland@gmail.com,LOGIN,User logged in successfully,2025-06-15 22:56:31,127.0.0.1,"Mozilla/5.0 (Windows NT 10.0; Win64; x64) AppleWebKit/537.36 (KHTML, like Gecko) Chrome/137.0.0.0 Safari/537.36"
cadams,carolyn.adams@gmail.com,LOGIN,User logged in successfully,2025-06-15 22:57:02,127.0.0.1,"Mozilla/5.0 (Windows NT 10.0; Win64; x64) AppleWebKit/537.36 (KHTML, like Gecko) Chrome/137.0.0.0 Safari/537.36"
nprice,nathan.price@gmail.com,LOGIN,User logged in successfully,2025-06-15 22:58:48,127.0.0.1,"Mozilla/5.0 (Windows NT 10.0; Win64; x64) AppleWebKit/537.36 (KHTML, like Gecko) Chrome/137.0.0.0 Safari/537.36"
mlloyd,mary.lloyd@gmail.com,LOGIN,User logged in successfully,2025-06-15 23:03:58,127.0.0.1,"Mozilla/5.0 (Windows NT 10.0; Win64; x64) AppleWebKit/537.36 (KHTML, like Gecko) Chrome/137.0.0.0 Safari/537.36"
tgrimes,teresa.grimes@gmail.com,LOGIN,User logged in successfully,2025-06-15 23:04:55,127.0.0.1,"Mozilla/5.0 (Windows NT 10.0; Win64; x64) AppleWebKit/537.36 (KHTML, like Gecko) Chrome/137.0.0.0 Safari/537.36"
molsen,mary.olsen@gmail.com,LOGIN,User logged in successfully,2025-06-15 23:05:46,127.0.0.1,"Mozilla/5.0 (Windows NT 10.0; Win64; x64) AppleWebKit/537.36 (KHTML, like Gecko) Chrome/137.0.0.0 Safari/537.36"
cwoods,carolyn.woods@gmail.com,LOGIN,User logged in successfully,2025-06-15 23:06:20,127.0.0.1,"Mozilla/5.0 (Windows NT 10.0; Win64; x64) AppleWebKit/537.36 (KHTML, like Gecko) Chrome/137.0.0.0 Safari/537.36"
wsmith,willie.smith@gmail.com,LOGIN,User logged in successfully,2025-06-15 23:07:08,127.0.0.1,"Mozilla/5.0 (Windows NT 10.0; Win64; x64) AppleWebKit/537.36 (KHTML, like Gecko) Chrome/137.0.0.0 Safari/537.36"
test6,jhered@gmail.com,LOGIN,User logged in successfully,2025-06-16 20:04:21,127.0.0.1,"Mozilla/5.0 (Windows NT 10.0; Win64; x64) AppleWebKit/537.36 (KHTML, like Gecko) Chrome/137.0.0.0 Safari/537.36"
test6,jhered@gmail.com,LOGIN,User logged in successfully,2025-06-16 20:30:07,127.0.0.1,"Mozilla/5.0 (Windows NT 10.0; Win64; x64) AppleWebKit/537.36 (KHTML, like Gecko) Chrome/137.0.0.0 Safari/537.36"
wsmith,willie.smith@gmail.com,LOGIN,User logged in successfully,2025-06-16 21:28:51,127.0.0.1,"Mozilla/5.0 (Windows NT 10.0; Win64; x64) AppleWebKit/537.36 (KHTML, like Gecko) Chrome/137.0.0.0 Safari/537.36"
mbrewer,mary.brewer@gmail.com,LOGIN,User logged in successfully,2025-06-16 21:29:25,127.0.0.1,"Mozilla/5.0 (Windows NT 10.0; Win64; x64) AppleWebKit/537.36 (KHTML, like Gecko) Chrome/137.0.0.0 Safari/537.36"
mrose,moana.rose@gmail.com,LOGIN,User logged in successfully,2025-06-16 21:30:16,127.0.0.1,"Mozilla/5.0 (Windows NT 10.0; Win64; x64) AppleWebKit/537.36 (KHTML, like Gecko) Chrome/137.0.0.0 Safari/537.36"
dsmith1,david.smith@gmail.com,LOGIN,User logged in successfully,2025-06-16 21:30:59,127.0.0.1,"Mozilla/5.0 (Windows NT 10.0; Win64; x64) AppleWebKit/537.36 (KHTML, like Gecko) Chrome/137.0.0.0 Safari/537.36"
dsmith1,david.smith@gmail.com,LOGIN,User logged in successfully,2025-06-16 21:31:49,127.0.0.1,"Mozilla/5.0 (Windows NT 10.0; Win64; x64) AppleWebKit/537.36 (KHTML, like Gecko) Chrome/137.0.0.0 Safari/537.36"
nsmith,nicole.smith@gmail.com,LOGIN,User logged in successfully,2025-06-16 21:32:39,127.0.0.1,"Mozilla/5.0 (Windows NT 10.0; Win64; x64) AppleWebKit/537.36 (KHTML, like Gecko) Chrome/137.0.0.0 Safari/537.36"
msmith4,mary.smith4@gmail.com,LOGIN,User logged in successfully,2025-06-16 21:33:15,127.0.0.1,"Mozilla/5.0 (Windows NT 10.0; Win64; x64) AppleWebKit/537.36 (KHTML, like Gecko) Chrome/137.0.0.0 Safari/537.36"
msmith5,mary.smith5@gmail.com,LOGIN,User logged in successfully,2025-06-16 21:34:05,127.0.0.1,"Mozilla/5.0 (Windows NT 10.0; Win64; x64) AppleWebKit/537.36 (KHTML, like Gecko) Chrome/137.0.0.0 Safari/537.36"
mfaulkner,mary.faulkner@gmail.com,LOGIN,User logged in successfully,2025-06-16 21:34:52,127.0.0.1,"Mozilla/5.0 (Windows NT 10.0; Win64; x64) AppleWebKit/537.36 (KHTML, like Gecko) Chrome/137.0.0.0 Safari/537.36"
ssmith1,sharon.smith@gmail.com,LOGIN,User logged in successfully,2025-06-16 21:35:33,127.0.0.1,"Mozilla/5.0 (Windows NT 10.0; Win64; x64) AppleWebKit/537.36 (KHTML, like Gecko) Chrome/137.0.0.0 Safari/537.36"
jsmith1,jessica.smith@gmail.com,LOGIN,User logged in successfully,2025-06-16 21:36:08,127.0.0.1,"Mozilla/5.0 (Windows NT 10.0; Win64; x64) AppleWebKit/537.36 (KHTML, like Gecko) Chrome/137.0.0.0 Safari/537.36"
csmith,charles.smith@gmail.com,LOGIN,User logged in successfully,2025-06-16 21:36:42,127.0.0.1,"Mozilla/5.0 (Windows NT 10.0; Win64; x64) AppleWebKit/537.36 (KHTML, like Gecko) Chrome/137.0.0.0 Safari/537.36"
mmeyer,mary.meyer@gmail.com,LOGIN,User logged in successfully,2025-06-16 21:37:14,127.0.0.1,"Mozilla/5.0 (Windows NT 10.0; Win64; x64) AppleWebKit/537.36 (KHTML, like Gecko) Chrome/137.0.0.0 Safari/537.36"
gtanner,gary.tanner@gmail.com,LOGIN,User logged in successfully,2025-06-16 21:37:46,127.0.0.1,"Mozilla/5.0 (Windows NT 10.0; Win64; x64) AppleWebKit/537.36 (KHTML, like Gecko) Chrome/137.0.0.0 Safari/537.36"
msmith6,mary.smith6@gmail.com,LOGIN,User logged in successfully,2025-06-16 21:38:19,127.0.0.1,"Mozilla/5.0 (Windows NT 10.0; Win64; x64) AppleWebKit/537.36 (KHTML, like Gecko) Chrome/137.0.0.0 Safari/537.36"
lglover,lani.glover@gmail.com,LOGIN,User logged in successfully,2025-06-16 21:38:47,127.0.0.1,"Mozilla/5.0 (Windows NT 10.0; Win64; x64) AppleWebKit/537.36 (KHTML, like Gecko) Chrome/137.0.0.0 Safari/537.36"
gcarroll,gregory.carroll@gmail.com,LOGIN,User logged in successfully,2025-06-16 21:39:19,127.0.0.1,"Mozilla/5.0 (Windows NT 10.0; Win64; x64) AppleWebKit/537.36 (KHTML, like Gecko) Chrome/137.0.0.0 Safari/537.36"
ssmith2,sarah.smith@gmail.com,LOGIN,User logged in successfully,2025-06-16 21:39:48,127.0.0.1,"Mozilla/5.0 (Windows NT 10.0; Win64; x64) AppleWebKit/537.36 (KHTML, like Gecko) Chrome/137.0.0.0 Safari/537.36"
jmercado,jessica.mercado@gmail.com,LOGIN,User logged in successfully,2025-06-16 21:40:19,127.0.0.1,"Mozilla/5.0 (Windows NT 10.0; Win64; x64) AppleWebKit/537.36 (KHTML, like Gecko) Chrome/137.0.0.0 Safari/537.36"
kduffy,kameko.duffy@gmail.com,LOGIN,User logged in successfully,2025-06-16 21:40:52,127.0.0.1,"Mozilla/5.0 (Windows NT 10.0; Win64; x64) AppleWebKit/537.36 (KHTML, like Gecko) Chrome/137.0.0.0 Safari/537.36"
jsmith2,jennifer.smith@gmail.com,LOGIN,User logged in successfully,2025-06-16 21:41:20,127.0.0.1,"Mozilla/5.0 (Windows NT 10.0; Win64; x64) AppleWebKit/537.36 (KHTML, like Gecko) Chrome/137.0.0.0 Safari/537.36"
mwatson,mary.watson@gmail.com,LOGIN,User logged in successfully,2025-06-16 21:42:22,127.0.0.1,"Mozilla/5.0 (Windows NT 10.0; Win64; x64) AppleWebKit/537.36 (KHTML, like Gecko) Chrome/137.0.0.0 Safari/537.36"
rwu,raymond.wu@gmail.com,LOGIN,User logged in successfully,2025-06-16 21:43:33,127.0.0.1,"Mozilla/5.0 (Windows NT 10.0; Win64; x64) AppleWebKit/537.36 (KHTML, like Gecko) Chrome/137.0.0.0 Safari/537.36"
tsmith1,timothy.smith@gmail.com,LOGIN,User logged in successfully,2025-06-16 21:44:16,127.0.0.1,"Mozilla/5.0 (Windows NT 10.0; Win64; x64) AppleWebKit/537.36 (KHTML, like Gecko) Chrome/137.0.0.0 Safari/537.36"
mschultz,michael.schultz@gmail.com,LOGIN,User logged in successfully,2025-06-16 21:44:42,127.0.0.1,"Mozilla/5.0 (Windows NT 10.0; Win64; x64) AppleWebKit/537.36 (KHTML, like Gecko) Chrome/137.0.0.0 Safari/537.36"
jsmith3,judith.smith@gmail.com,LOGIN,User logged in successfully,2025-06-16 21:45:08,127.0.0.1,"Mozilla/5.0 (Windows NT 10.0; Win64; x64) AppleWebKit/537.36 (KHTML, like Gecko) Chrome/137.0.0.0 Safari/537.36"
elopez,elizabeth.lopez@gmail.com,LOGIN,User logged in successfully,2025-06-16 21:45:38,127.0.0.1,"Mozilla/5.0 (Windows NT 10.0; Win64; x64) AppleWebKit/537.36 (KHTML, like Gecko) Chrome/137.0.0.0 Safari/537.36"
lsmith2,lauren.smith@gmail.com,LOGIN,User logged in successfully,2025-06-16 21:46:05,127.0.0.1,"Mozilla/5.0 (Windows NT 10.0; Win64; x64) AppleWebKit/537.36 (KHTML, like Gecko) Chrome/137.0.0.0 Safari/537.36"
rkramer,robert.kramer@gmail.com,LOGIN,User logged in successfully,2025-06-16 21:46:30,127.0.0.1,"Mozilla/5.0 (Windows NT 10.0; Win64; x64) AppleWebKit/537.36 (KHTML, like Gecko) Chrome/137.0.0.0 Safari/537.36"
bsmith,brenda.smith@gmail.com,LOGIN,User logged in successfully,2025-06-16 21:46:58,127.0.0.1,"Mozilla/5.0 (Windows NT 10.0; Win64; x64) AppleWebKit/537.36 (KHTML, like Gecko) Chrome/137.0.0.0 Safari/537.36"
msmith7,mary.smith7@gmail.com,LOGIN,User logged in successfully,2025-06-16 21:47:22,127.0.0.1,"Mozilla/5.0 (Windows NT 10.0; Win64; x64) AppleWebKit/537.36 (KHTML, like Gecko) Chrome/137.0.0.0 Safari/537.36"
jhicks,judith.hicks@gmail.com,LOGIN,User logged in successfully,2025-06-16 21:47:53,127.0.0.1,"Mozilla/5.0 (Windows NT 10.0; Win64; x64) AppleWebKit/537.36 (KHTML, like Gecko) Chrome/137.0.0.0 Safari/537.36"
cwashington,catherine.washington@gmail.com,LOGIN,User logged in successfully,2025-06-16 21:48:19,127.0.0.1,"Mozilla/5.0 (Windows NT 10.0; Win64; x64) AppleWebKit/537.36 (KHTML, like Gecko) Chrome/137.0.0.0 Safari/537.36"
mwyatt,mary.wyatt@gmail.com,LOGIN,User logged in successfully,2025-06-16 21:48:45,127.0.0.1,"Mozilla/5.0 (Windows NT 10.0; Win64; x64) AppleWebKit/537.36 (KHTML, like Gecko) Chrome/137.0.0.0 Safari/537.36"
mpittman,mary.pittman@gmail.com,LOGIN,User logged in successfully,2025-06-16 21:50:06,127.0.0.1,"Mozilla/5.0 (Windows NT 10.0; Win64; x64) AppleWebKit/537.36 (KHTML, like Gecko) Chrome/137.0.0.0 Safari/537.36"
msmith8,mary.smith8@gmail.com,LOGIN,User logged in successfully,2025-06-16 21:52:00,127.0.0.1,"Mozilla/5.0 (Windows NT 10.0; Win64; x64) AppleWebKit/537.36 (KHTML, like Gecko) Chrome/137.0.0.0 Safari/537.36"
hhenry,heather.henry@gmail.com,LOGIN,User logged in successfully,2025-06-16 21:52:36,127.0.0.1,"Mozilla/5.0 (Windows NT 10.0; Win64; x64) AppleWebKit/537.36 (KHTML, like Gecko) Chrome/137.0.0.0 Safari/537.36"
edouglas,elizabeth.douglas@gmail.com,LOGIN,User logged in successfully,2025-06-16 21:53:05,127.0.0.1,"Mozilla/5.0 (Windows NT 10.0; Win64; x64) AppleWebKit/537.36 (KHTML, like Gecko) Chrome/137.0.0.0 Safari/537.36"
hhenry,heather.henry@gmail.com,LOGIN,User logged in successfully,2025-06-16 21:53:40,127.0.0.1,"Mozilla/5.0 (Windows NT 10.0; Win64; x64) AppleWebKit/537.36 (KHTML, like Gecko) Chrome/137.0.0.0 Safari/537.36"
msmith9,mary.smith9@gmail.com,LOGIN,User logged in successfully,2025-06-16 21:54:57,127.0.0.1,"Mozilla/5.0 (Windows NT 10.0; Win64; x64) AppleWebKit/537.36 (KHTML, like Gecko) Chrome/137.0.0.0 Safari/537.36"
mbryan,mary.bryan@gmail.com,LOGIN,User logged in successfully,2025-06-16 21:55:31,127.0.0.1,"Mozilla/5.0 (Windows NT 10.0; Win64; x64) AppleWebKit/537.36 (KHTML, like Gecko) Chrome/137.0.0.0 Safari/537.36"
svasquez,stephanie.vasquez@gmail.com,LOGIN,User logged in successfully,2025-06-16 21:55:57,127.0.0.1,"Mozilla/5.0 (Windows NT 10.0; Win64; x64) AppleWebKit/537.36 (KHTML, like Gecko) Chrome/137.0.0.0 Safari/537.36"
zrice,zachary.rice@gmail.com,LOGIN,User logged in successfully,2025-06-16 21:56:24,127.0.0.1,"Mozilla/5.0 (Windows NT 10.0; Win64; x64) AppleWebKit/537.36 (KHTML, like Gecko) Chrome/137.0.0.0 Safari/537.36"
dreed,david.reed@gmail.com,LOGIN,User logged in successfully,2025-06-16 21:56:52,127.0.0.1,"Mozilla/5.0 (Windows NT 10.0; Win64; x64) AppleWebKit/537.36 (KHTML, like Gecko) Chrome/137.0.0.0 Safari/537.36"
dsmith2,diane.smith@gmail.com,LOGIN,User logged in successfully,2025-06-16 21:57:24,127.0.0.1,"Mozilla/5.0 (Windows NT 10.0; Win64; x64) AppleWebKit/537.36 (KHTML, like Gecko) Chrome/137.0.0.0 Safari/537.36"
manderson,mary.anderson@gmail.com,LOGIN,User logged in successfully,2025-06-16 21:57:52,127.0.0.1,"Mozilla/5.0 (Windows NT 10.0; Win64; x64) AppleWebKit/537.36 (KHTML, like Gecko) Chrome/137.0.0.0 Safari/537.36"
msmith10,mary.smith10@gmail.com,LOGIN,User logged in successfully,2025-06-16 21:58:17,127.0.0.1,"Mozilla/5.0 (Windows NT 10.0; Win64; x64) AppleWebKit/537.36 (KHTML, like Gecko) Chrome/137.0.0.0 Safari/537.36"
badkins,brandon.adkins@gmail.com,LOGIN,User logged in successfully,2025-06-16 21:58:44,127.0.0.1,"Mozilla/5.0 (Windows NT 10.0; Win64; x64) AppleWebKit/537.36 (KHTML, like Gecko) Chrome/137.0.0.0 Safari/537.36"
lhayden,lara.hayden@gmail.com,LOGIN,User logged in successfully,2025-06-16 21:59:09,127.0.0.1,"Mozilla/5.0 (Windows NT 10.0; Win64; x64) AppleWebKit/537.36 (KHTML, like Gecko) Chrome/137.0.0.0 Safari/537.36"
mbooth,margaret.booth@gmail.com,LOGIN,User logged in successfully,2025-06-16 21:59:35,127.0.0.1,"Mozilla/5.0 (Windows NT 10.0; Win64; x64) AppleWebKit/537.36 (KHTML, like Gecko) Chrome/137.0.0.0 Safari/537.36"
msmith11,mary.smith11@gmail.com,LOGIN,User logged in successfully,2025-06-16 22:00:02,127.0.0.1,"Mozilla/5.0 (Windows NT 10.0; Win64; x64) AppleWebKit/537.36 (KHTML, like Gecko) Chrome/137.0.0.0 Safari/537.36"
rsmith,ruth.smith@gmail.com,LOGIN,User logged in successfully,2025-06-16 22:00:29,127.0.0.1,"Mozilla/5.0 (Windows NT 10.0; Win64; x64) AppleWebKit/537.36 (KHTML, like Gecko) Chrome/137.0.0.0 Safari/537.36"
mcross,michelle.cross@gmail.com,LOGIN,User logged in successfully,2025-06-16 22:01:18,127.0.0.1,"Mozilla/5.0 (Windows NT 10.0; Win64; x64) AppleWebKit/537.36 (KHTML, like Gecko) Chrome/137.0.0.0 Safari/537.36"
jsmith4,jeremy.smith@gmail.com,LOGIN,User logged in successfully,2025-06-16 22:02:01,127.0.0.1,"Mozilla/5.0 (Windows NT 10.0; Win64; x64) AppleWebKit/537.36 (KHTML, like Gecko) Chrome/137.0.0.0 Safari/537.36"
vsanders,virginia.sanders@gmail.com,LOGIN,User logged in successfully,2025-06-16 22:02:32,127.0.0.1,"Mozilla/5.0 (Windows NT 10.0; Win64; x64) AppleWebKit/537.36 (KHTML, like Gecko) Chrome/137.0.0.0 Safari/537.36"
ksmith,karen.smith@gmail.com,LOGIN,User logged in successfully,2025-06-16 22:02:59,127.0.0.1,"Mozilla/5.0 (Windows NT 10.0; Win64; x64) AppleWebKit/537.36 (KHTML, like Gecko) Chrome/137.0.0.0 Safari/537.36"
dsampson,donald.sampson@gmail.com,LOGIN,User logged in successfully,2025-06-16 22:04:22,127.0.0.1,"Mozilla/5.0 (Windows NT 10.0; Win64; x64) AppleWebKit/537.36 (KHTML, like Gecko) Chrome/137.0.0.0 Safari/537.36"
bsmith1,bryan.smith@gmail.com,LOGIN,User logged in successfully,2025-06-16 22:04:49,127.0.0.1,"Mozilla/5.0 (Windows NT 10.0; Win64; x64) AppleWebKit/537.36 (KHTML, like Gecko) Chrome/137.0.0.0 Safari/537.36"
mluna,mary.luna@gmail.com,LOGIN,User logged in successfully,2025-06-16 22:05:17,127.0.0.1,"Mozilla/5.0 (Windows NT 10.0; Win64; x64) AppleWebKit/537.36 (KHTML, like Gecko) Chrome/137.0.0.0 Safari/537.36"
mluna,mary.luna@gmail.com,LOGIN,User logged in successfully,2025-06-16 22:05:51,127.0.0.1,"Mozilla/5.0 (Windows NT 10.0; Win64; x64) AppleWebKit/537.36 (KHTML, like Gecko) Chrome/137.0.0.0 Safari/537.36"
smendoza,sharon.mendoza@gmail.com,LOGIN,User logged in successfully,2025-06-16 22:06:10,127.0.0.1,"Mozilla/5.0 (Windows NT 10.0; Win64; x64) AppleWebKit/537.36 (KHTML, like Gecko) Chrome/137.0.0.0 Safari/537.36"
cturner,christian.turner@gmail.com,LOGIN,User logged in successfully,2025-06-16 22:07:05,127.0.0.1,"Mozilla/5.0 (Windows NT 10.0; Win64; x64) AppleWebKit/537.36 (KHTML, like Gecko) Chrome/137.0.0.0 Safari/537.36"
bsimon,bryan.simon@gmail.com,LOGIN,User logged in successfully,2025-06-16 22:07:29,127.0.0.1,"Mozilla/5.0 (Windows NT 10.0; Win64; x64) AppleWebKit/537.36 (KHTML, like Gecko) Chrome/137.0.0.0 Safari/537.36"
mclay,mary.clay@gmail.com,LOGIN,User logged in successfully,2025-06-16 22:07:54,127.0.0.1,"Mozilla/5.0 (Windows NT 10.0; Win64; x64) AppleWebKit/537.36 (KHTML, like Gecko) Chrome/137.0.0.0 Safari/537.36"
rclark,ronald.clark@gmail.com,LOGIN,User logged in successfully,2025-06-16 22:08:48,127.0.0.1,"Mozilla/5.0 (Windows NT 10.0; Win64; x64) AppleWebKit/537.36 (KHTML, like Gecko) Chrome/137.0.0.0 Safari/537.36"
lphillips,lauren.phillips@gmail.com,LOGIN,User logged in successfully,2025-06-16 22:09:19,127.0.0.1,"Mozilla/5.0 (Windows NT 10.0; Win64; x64) AppleWebKit/537.36 (KHTML, like Gecko) Chrome/137.0.0.0 Safari/537.36"
mgay,mary.gay@gmail.com,LOGIN,User logged in successfully,2025-06-16 22:09:44,127.0.0.1,"Mozilla/5.0 (Windows NT 10.0; Win64; x64) AppleWebKit/537.36 (KHTML, like Gecko) Chrome/137.0.0.0 Safari/537.36"
nparker,nicholas.parker@gmail.com,LOGIN,User logged in successfully,2025-06-16 22:10:09,127.0.0.1,"Mozilla/5.0 (Windows NT 10.0; Win64; x64) AppleWebKit/537.36 (KHTML, like Gecko) Chrome/137.0.0.0 Safari/537.36"
asmith1,aaron.smith@gmail.com,LOGIN,User logged in successfully,2025-06-16 22:11:03,127.0.0.1,"Mozilla/5.0 (Windows NT 10.0; Win64; x64) AppleWebKit/537.36 (KHTML, like Gecko) Chrome/137.0.0.0 Safari/537.36"
mharmon,michael.harmon@gmail.com,LOGIN,User logged in successfully,2025-06-16 22:11:34,127.0.0.1,"Mozilla/5.0 (Windows NT 10.0; Win64; x64) AppleWebKit/537.36 (KHTML, like Gecko) Chrome/137.0.0.0 Safari/537.36"
epugh,edward.pugh@gmail.com,LOGIN,User logged in successfully,2025-06-16 22:11:58,127.0.0.1,"Mozilla/5.0 (Windows NT 10.0; Win64; x64) AppleWebKit/537.36 (KHTML, like Gecko) Chrome/137.0.0.0 Safari/537.36"
gconner,george.conner@gmail.com,LOGIN,User logged in successfully,2025-06-16 22:12:24,127.0.0.1,"Mozilla/5.0 (Windows NT 10.0; Win64; x64) AppleWebKit/537.36 (KHTML, like Gecko) Chrome/137.0.0.0 Safari/537.36"
msmith12,mary.smith12@gmail.com,LOGIN,User logged in successfully,2025-06-16 22:12:49,127.0.0.1,"Mozilla/5.0 (Windows NT 10.0; Win64; x64) AppleWebKit/537.36 (KHTML, like Gecko) Chrome/137.0.0.0 Safari/537.36"
jewing,joseph.ewing@gmail.com,LOGIN,User logged in successfully,2025-06-16 22:13:25,127.0.0.1,"Mozilla/5.0 (Windows NT 10.0; Win64; x64) AppleWebKit/537.36 (KHTML, like Gecko) Chrome/137.0.0.0 Safari/537.36"
dpotter,denise.potter@gmail.com,LOGIN,User logged in successfully,2025-06-16 22:13:53,127.0.0.1,"Mozilla/5.0 (Windows NT 10.0; Win64; x64) AppleWebKit/537.36 (KHTML, like Gecko) Chrome/137.0.0.0 Safari/537.36"
mbrock,mary.brock@gmail.com,LOGIN,User logged in successfully,2025-06-16 22:14:15,127.0.0.1,"Mozilla/5.0 (Windows NT 10.0; Win64; x64) AppleWebKit/537.36 (KHTML, like Gecko) Chrome/137.0.0.0 Safari/537.36"
msmith13,mary.smith13@gmail.com,LOGIN,User logged in successfully,2025-06-16 22:14:43,127.0.0.1,"Mozilla/5.0 (Windows NT 10.0; Win64; x64) AppleWebKit/537.36 (KHTML, like Gecko) Chrome/137.0.0.0 Safari/537.36"
psmith,philip.smith@gmail.com,LOGIN,User logged in successfully,2025-06-16 22:15:10,127.0.0.1,"Mozilla/5.0 (Windows NT 10.0; Win64; x64) AppleWebKit/537.36 (KHTML, like Gecko) Chrome/137.0.0.0 Safari/537.36"
mcisneros,mary.cisneros@gmail.com,LOGIN,User logged in successfully,2025-06-16 22:15:38,127.0.0.1,"Mozilla/5.0 (Windows NT 10.0; Win64; x64) AppleWebKit/537.36 (KHTML, like Gecko) Chrome/137.0.0.0 Safari/537.36"
msmith14,mary.smith14@gmail.com,LOGIN,User logged in successfully,2025-06-16 22:16:08,127.0.0.1,"Mozilla/5.0 (Windows NT 10.0; Win64; x64) AppleWebKit/537.36 (KHTML, like Gecko) Chrome/137.0.0.0 Safari/537.36"
msmith15,mary.smith15@gmail.com,LOGIN,User logged in successfully,2025-06-16 22:16:32,127.0.0.1,"Mozilla/5.0 (Windows NT 10.0; Win64; x64) AppleWebKit/537.36 (KHTML, like Gecko) Chrome/137.0.0.0 Safari/537.36"
msmith16,mary.smith16@gmail.com,LOGIN,User logged in successfully,2025-06-16 22:17:02,127.0.0.1,"Mozilla/5.0 (Windows NT 10.0; Win64; x64) AppleWebKit/537.36 (KHTML, like Gecko) Chrome/137.0.0.0 Safari/537.36"
mbaldwin,mary.baldwin@gmail.com,LOGIN,User logged in successfully,2025-06-16 22:17:25,127.0.0.1,"Mozilla/5.0 (Windows NT 10.0; Win64; x64) AppleWebKit/537.36 (KHTML, like Gecko) Chrome/137.0.0.0 Safari/537.36"
ledwards,lisa.edwards@gmail.com,LOGIN,User logged in successfully,2025-06-16 22:17:51,127.0.0.1,"Mozilla/5.0 (Windows NT 10.0; Win64; x64) AppleWebKit/537.36 (KHTML, like Gecko) Chrome/137.0.0.0 Safari/537.36"
mgomez,mary.gomez@gmail.com,LOGIN,User logged in successfully,2025-06-16 22:18:15,127.0.0.1,"Mozilla/5.0 (Windows NT 10.0; Win64; x64) AppleWebKit/537.36 (KHTML, like Gecko) Chrome/137.0.0.0 Safari/537.36"
kking,kimberly.king@gmail.com,LOGIN,User logged in successfully,2025-06-16 22:18:44,127.0.0.1,"Mozilla/5.0 (Windows NT 10.0; Win64; x64) AppleWebKit/537.36 (KHTML, like Gecko) Chrome/137.0.0.0 Safari/537.36"
msmith17,matthew.smith@gmail.com,LOGIN,User logged in successfully,2025-06-16 22:19:09,127.0.0.1,"Mozilla/5.0 (Windows NT 10.0; Win64; x64) AppleWebKit/537.36 (KHTML, like Gecko) Chrome/137.0.0.0 Safari/537.36"
mrobbins,mary.robbins@gmail.com,LOGIN,User logged in successfully,2025-06-16 22:19:37,127.0.0.1,"Mozilla/5.0 (Windows NT 10.0; Win64; x64) AppleWebKit/537.36 (KHTML, like Gecko) Chrome/137.0.0.0 Safari/537.36"
test6,jhered@gmail.com,LOGIN,User logged in successfully,2025-06-16 22:58:09,127.0.0.1,"Mozilla/5.0 (Windows NT 10.0; Win64; x64) AppleWebKit/537.36 (KHTML, like Gecko) Chrome/137.0.0.0 Safari/537.36"
test6,jhered@gmail.com,LOGIN,User logged in successfully,2025-06-17 00:00:23,127.0.0.1,"Mozilla/5.0 (Windows NT 10.0; Win64; x64) AppleWebKit/537.36 (KHTML, like Gecko) Chrome/137.0.0.0 Safari/537.36"
test6,jhered@gmail.com,LOGIN,User logged in successfully,2025-06-17 00:11:16,127.0.0.1,"Mozilla/5.0 (Windows NT 10.0; Win64; x64) AppleWebKit/537.36 (KHTML, like Gecko) Chrome/137.0.0.0 Safari/537.36"
test6,jhered@gmail.com,LOGIN,User logged in successfully,2025-06-17 00:14:36,127.0.0.1,"Mozilla/5.0 (Windows NT 10.0; Win64; x64) AppleWebKit/537.36 (KHTML, like Gecko) Chrome/137.0.0.0 Safari/537.36"
test6,jhered@gmail.com,LOGIN,User logged in successfully,2025-06-17 00:24:28,127.0.0.1,"Mozilla/5.0 (Windows NT 10.0; Win64; x64) AppleWebKit/537.36 (KHTML, like Gecko) Chrome/137.0.0.0 Safari/537.36"
test6,jhered@gmail.com,LOGIN,User logged in successfully,2025-06-17 00:26:29,127.0.0.1,"Mozilla/5.0 (Windows NT 10.0; Win64; x64) AppleWebKit/537.36 (KHTML, like Gecko) Chrome/137.0.0.0 Safari/537.36"
test6,jhered@gmail.com,LOGIN,User logged in successfully,2025-06-17 00:28:02,127.0.0.1,"Mozilla/5.0 (Windows NT 10.0; Win64; x64) AppleWebKit/537.36 (KHTML, like Gecko) Chrome/137.0.0.0 Safari/537.36"
test6,jhered@gmail.com,LOGIN,User logged in successfully,2025-06-17 00:29:31,127.0.0.1,"Mozilla/5.0 (Windows NT 10.0; Win64; x64) AppleWebKit/537.36 (KHTML, like Gecko) Chrome/137.0.0.0 Safari/537.36"
test6,jhered@gmail.com,LOGOUT,User logged out,2025-06-17 00:29:38,127.0.0.1,"Mozilla/5.0 (Windows NT 10.0; Win64; x64) AppleWebKit/537.36 (KHTML, like Gecko) Chrome/137.0.0.0 Safari/537.36"
test6,jhered@gmail.com,LOGIN,User logged in successfully,2025-06-17 00:30:31,127.0.0.1,"Mozilla/5.0 (Windows NT 10.0; Win64; x64) AppleWebKit/537.36 (KHTML, like Gecko) Chrome/137.0.0.0 Safari/537.36"
test6,jhered@gmail.com,LOGOUT,User logged out,2025-06-17 00:31:31,127.0.0.1,"Mozilla/5.0 (Windows NT 10.0; Win64; x64) AppleWebKit/537.36 (KHTML, like Gecko) Chrome/137.0.0.0 Safari/537.36"
test6,jhered@gmail.com,LOGIN,User logged in successfully,2025-06-17 00:31:36,127.0.0.1,"Mozilla/5.0 (Windows NT 10.0; Win64; x64) AppleWebKit/537.36 (KHTML, like Gecko) Chrome/137.0.0.0 Safari/537.36"
test6,jhered@gmail.com,LOGOUT,User logged out,2025-06-17 00:35:05,127.0.0.1,"Mozilla/5.0 (Windows NT 10.0; Win64; x64) AppleWebKit/537.36 (KHTML, like Gecko) Chrome/137.0.0.0 Safari/537.36"
apennington,adele.pennington@gmail.com,LOGIN,User logged in successfully,2025-06-17 00:35:25,127.0.0.1,"Mozilla/5.0 (Windows NT 10.0; Win64; x64) AppleWebKit/537.36 (KHTML, like Gecko) Chrome/137.0.0.0 Safari/537.36"
apennington,adele.pennington@gmail.com,LOGIN,User logged in successfully,2025-06-17 00:35:25,127.0.0.1,"Mozilla/5.0 (Windows NT 10.0; Win64; x64) AppleWebKit/537.36 (KHTML, like Gecko) Chrome/137.0.0.0 Safari/537.36"
test6,jhered@gmail.com,LOGIN,User logged in successfully,2025-06-17 20:59:39,127.0.0.1,"Mozilla/5.0 (Windows NT 10.0; Win64; x64) AppleWebKit/537.36 (KHTML, like Gecko) Chrome/137.0.0.0 Safari/537.36"
