Employee Id,First Name,Last Name,Gender,Age,birth_date,Contact Number,Job Title,Department,employee_id
2,Tandi,Latty,Female,30,1987-06-15,9627500651,Procurement Specialist,Procurement,
3,Julissa,Manoch,Female,36,1998-03-02,9164181655,Compliance Officer,Compliance,
4,Cherish,Raithby,Female,50,1978-03-02,9890644064,Systems Integration Specialist,IT & Systems,
5,Lanita,Corradengo,Female,43,1992-11-23,9348975959,Vehicle Maintenance Coordinator,Fleet Management,
6,Ralf,Perford,Male,45,1983-05-27,9725851835,Dispatch Supervisor,Dispatch,
7,Hersch,Manneville,Male,35,1987-09-04,9167234189,Route Optimization Specialist,Routing & Planning,
8,Nicolas,Skerrett,Male,32,1981-05-20,9525148983,Financial Analyst,Finance & Billing,
9,Pembroke,Beers,Male,36,1990-07-10,9447354354,Vehicle Maintenance Coordinator,Fleet Management,
10,Honor,Knowlys,Female,23,1988-12-29,9837028921,Client Account Manager,Customer Service,
11,Kean,Bowden,Male,40,1981-01-11,9386472707,Recruiter,,
12,Jordanna,Anmore,Female,41,1988-07-10,9684762245,Brand Manager,Marketing,
13,Terrill,Mariet,Male,38,1982-08-22,9703755161,Freight Allocator,Load Planning,
14,Eustacia,Petherick,Female,48,1975-11-01,9659503095,Inventory Control Specialist,Warehouse,
15,Jessee,Phair,Male,43,1993-12-06,9490099198,Compliance Officer,Compliance,
16,Izabel,Vanni,Female,38,1988-12-23,9128719978,Risk & Audit Specialist,Compliance,
17,Mabel,Lody,Female,26,1979-10-10,9433460405,Route Optimization Specialist,Routing & Planning,
18,Gipsy,Coomer,Female,40,1988-09-02,9157153720,Dispatcher,Dispatch,
19,North,Harradine,Male,35,1994-08-05,9529488968,Freight Allocator,Load Planning,
20,Ava,Curl,Female,41,1991-10-17,9478129095,Logistics Coordinator,Operations,
21,Gar,Whyborne,Male,35,1998-12-12,9349074463,Operations Manager,Operations,
22,Roderigo,Gunthorpe,Male,29,1985-10-10,9358297485,Accounts Receivable Specialist,Finance & Billing,
23,Dyna,Blackstone,Female,23,1995-12-03,9280807192,TMS Administrator,,
24,Leona,Gleave,Female,36,1999-08-20,9995724067,Transport Scheduler,Dispatch,
25,Iain,Burman,Male,43,1991-02-08,9480545652,Freight Planner,Operations,
26,Frasquito,Wigfield,Male,38,1999-02-27,9807589483,Brand Manager,Marketing,
27,Antonietta,Mack,Female,34,1990-10-04,9560615376,Logistics Accountant,Finance & Billing,
28,Cassandry,Cristoforetti,Female,23,1988-01-02,9645427937,Forklift Operator,Warehouse,
29,Eimile,Hamal,Female,45,1996-11-25,9290784192,Content Creator,Marketing,
30,Farlie,Chappell,Male,38,1992-08-31,9788494303,Sales Executive,Sales & Business Development,
31,Lyon,Barbour,Male,32,1976-07-26,9629592869,Procurement Specialist,Procurement,
32,Rees,Oneil,Male,27,1981-02-21,9329324489,Logistics Systems Analyst,IT & Systems,
33,Henderson,Tembridge,Male,46,1993-06-23,9685279071,Supply Chain Analyst,Operations,
34,Sibley,Mitchard,Female,36,1990-07-22,9132960340,Payroll Specialist,Human Resources,
35,Tatiania,Astie,Female,47,1989-05-19,9344866335,After-Sales Specialist,Customer Service,
36,Royce,Jeffes,Male,36,1989-09-11,9625747653,Key Account Manager,Sales & Business Development,
37,Martainn,Bovis,Male,46,1998-08-10,9756035266,HR Manager,Human Resources,
38,Cly,Jaquiss,Male,24,1985-05-12,9127965175,Warehouse Supervisor,Warehouse,
39,Judas,Goly,Male,44,2001-11-20,9973645388,Route Planner,Routing & Planning,
40,Aurie,Swatton,Female,43,1982-05-18,9609707353,Recruiter,,
41,Calypso,Toffano,Female,23,1981-07-13,9425336188,Sourcing Analyst,Procurement,
42,Bryce,Daouse,Male,43,1987-01-10,9455552463,Route Planner,Routing & Planning,
43,Corbie,Thorneloe,Male,48,2002-03-06,9757358250,Vehicle Maintenance Coordinator,Fleet Management,
44,Llywellyn,Fremantle,Male,45,1979-12-20,9621800247,Marketing Coordinator,Marketing,
45,Milly,Paffitt,Female,39,2002-03-31,9269347712,Vehicle Maintenance Coordinator,Fleet Management,
46,Catherine,Cumbridge,Female,40,1984-03-28,9804609223,Sourcing Analyst,Procurement,
47,Bat,Olive,Male,27,1998-12-13,9432610314,Legal & Regulatory Affairs Associate,Compliance,
48,Trstram,Presho,Male,27,1985-12-05,9114909823,Warehouse Supervisor,Warehouse,
49,Town,Vogeller,Male,49,1982-10-07,9168325084,Sourcing Analyst,Procurement,
50,Winna,Hadkins,Female,35,1997-12-16,9172266427,Systems Integration Specialist,IT & Systems,
51,Raffarty,Tufts,Male,43,1986-10-15,9699307323,Load Dispatcher,Dispatch,
52,Clair,Castagne,Male,28,2000-12-26,9203271639,Warehouse Supervisor,Warehouse,
53,Terrill,Mulcaster,Male,30,1992-09-25,9318530074,Purchasing Manager,Procurement,
54,Estella,Le Grice,Female,47,1979-12-29,9157574384,Logistics Accountant,Finance & Billing,
55,Livvyy,Flockhart,Female,37,1994-08-04,9493417009,Accounts Receivable Specialist,Finance & Billing,
56,Kelly,Skottle,Female,26,1996-02-07,9149749203,Supply Chain Analyst,Operations,
57,Abby,Joye,Female,39,1993-10-10,9294247689,Supply Chain Analyst,Operations,
58,Alix,Paulson,Female,35,2000-12-02,9446353661,Vendor Relations Coordinator,Procurement,
59,Ezechiel,Tomley,Male,32,1981-08-23,9317746383,Fleet Manager,Fleet Management,
60,Sam,Diess,Male,44,1990-08-17,9603671363,Customer Service Representative,Customer Service,
61,Sarajane,Layman,Female,42,1990-01-25,9795512427,Vehicle Maintenance Coordinator,Fleet Management,
62,Michal,Giacubo,Female,37,1997-08-29,9224788872,Dispatcher,Dispatch,
63,Jerrilee,Crone,Female,42,1983-05-15,9305461438,Procurement Specialist,Procurement,
64,Ugo,Albrook,Male,49,1987-01-08,9665771706,Procurement Specialist,Procurement,
65,Jacklyn,Huddles,Female,23,1975-04-28,9509540355,Load Dispatcher,Dispatch,
66,Marius,Chesney,Male,37,1975-04-26,9441982689,Fleet Operations Specialist,Fleet Management,
67,Dall,Brumhead,Male,47,1990-02-14,9872490230,Logistics Coordinator,Operations,
68,Carolus,Trasler,Male,43,1991-01-17,9680893193,Compliance Officer,Compliance,
69,Dasi,O'Gready,Female,35,1981-11-28,9872568798,Operations Manager,Operations,
70,Tammy,Mc Caughan,Male,30,1983-04-25,9302455041,Warehouse Associate,Warehouse,
71,Guillema,Quakley,Female,27,1982-12-08,9252631158,Warehouse Associate,Warehouse,
72,Silvie,Redfield,Female,28,1992-04-08,9688773594,Warehouse Associate,Warehouse,
73,Jerald,Zealander,Male,35,1995-09-19,9809604598,Supply Chain Analyst,Operations,
74,Mahmoud,McElane,Male,26,1996-11-17,9361103712,Warehouse Supervisor,Warehouse,
75,Lucio,O' Timony,Male,46,1984-05-01,9831808382,Warehouse Supervisor,Warehouse,
76,Heath,Skill,Male,45,1976-03-09,9206193921,Vendor Relations Coordinator,Procurement,
77,Natala,Till,Female,41,1999-02-18,9692358562,Client Account Manager,Customer Service,
78,Romain,Bleddon,Male,31,1981-08-16,9499302189,Vehicle Maintenance Coordinator,Fleet Management,
79,Clarice,Sneaker,Female,41,1992-10-04,9422443180,Billing Clerk,Finance & Billing,
80,Lennard,Witz,Male,40,1992-03-12,9142843162,Key Account Manager,Sales & Business Development,
81,Robenia,Jindacek,Female,49,1980-08-10,9697234584,Sales Executive,Sales & Business Development,
82,Graig,Lonsbrough,Male,39,1983-12-30,9119253088,Marketing Coordinator,Marketing,
83,Skye,Brittle,Male,50,1993-09-02,9332000306,Fleet Manager,Fleet Management,
84,Talbot,Britland,Male,36,1996-08-18,9994005433,Customer Support Coordinator,Customer Service,
85,Ric,Hugueville,Male,32,1986-06-23,9359132347,Forklift Operator,Warehouse,
86,Corey,Mathivon,Male,24,1982-12-09,9220620022,Key Account Manager,Sales & Business Development,
87,Caddric,Waistell,Male,35,2001-01-01,9679610925,IT Support Technician,IT & Systems,
88,Ann-marie,Enderlein,Female,35,1983-03-25,9935883280,Vendor Relations Coordinator,Procurement,
89,Harriot,Guilbert,Female,46,1985-03-15,9168804199,Transport Scheduler,Dispatch,
90,Brandy,Newcomen,Female,30,1982-04-15,9298244558,Supply Chain Analyst,Operations,
91,Stevana,Woodfield,Female,49,2000-06-28,9284328785,Supply Chain Analyst,Operations,
92,Shellysheldon,Wheatley,Male,28,1977-06-19,9239592180,Forklift Operator,Warehouse,
93,Val,Kopisch,Female,38,1982-12-09,9129127574,Inventory Control Specialist,Warehouse,
94,Coletta,Osbiston,Female,24,1981-06-16,9835268600,Capacity Planner,Load Planning,
95,Ninnette,Pulford,Female,24,1995-02-17,9748873469,Risk & Audit Specialist,Compliance,
96,Antoine,Boulden,Male,44,1992-07-06,9755702605,Sales Analyst,Sales & Business Development,
97,Rutter,Dargan,Male,38,1976-11-04,9163044562,Financial Analyst,Finance & Billing,
98,Millard,Meynell,Male,48,2001-05-11,9752152304,Forklift Operator,Warehouse,
99,Cobby,Gardner,Male,24,1988-09-02,9661940843,Training & Development Officer,Human Resources,
100,Rudolph,Holsall,Male,37,1983-05-10,9403096900,Dispatcher,Dispatch,
101,Phyllida,Seth,Female,39,1999-08-05,9344520964,Customer Service Representative,Customer Service,
102,Baryram,Haquard,Male,35,1985-04-26,9729219885,Logistics Coordinator,Operations,
103,Ellary,Himpson,Male,44,1980-10-04,9949250657,Legal & Regulatory Affairs Associate,Compliance,
104,Lindsey,Gentil,Male,48,1992-02-10,9920148509,Freight Allocator,Load Planning,
105,Baily,Letessier,Male,24,1982-05-09,9822969836,Route Optimization Specialist,Routing & Planning,
106,Lorrie,Davidovich,Male,41,1985-03-05,9849354040,Legal & Regulatory Affairs Associate,Compliance,
107,Nari,Ewin,Female,40,1987-03-18,9869245446,Transportation Planner,Routing & Planning,
108,Herbert,Enocksson,Male,47,1988-09-25,9407632395,Compliance Officer,Compliance,
109,Armando,Blakeway,Male,43,1990-05-12,9792042347,Dispatcher,Dispatch,
110,Alexi,Aslin,Female,35,1985-10-04,9400773248,Risk & Audit Specialist,Compliance,
111,Barnaby,Hordell,Male,47,1997-05-12,9893841982,Transport Scheduler,Dispatch,
112,Helena,Devitt,Female,28,1975-12-06,9192216629,Systems Integration Specialist,IT & Systems,
113,Elana,Akrigg,Female,31,1984-10-30,9379336719,Customer Service Representative,Customer Service,
114,Breena,Goldup,Female,32,1975-01-16,9619546675,TMS Administrator,,
115,Dominique,Callcott,Female,25,1990-07-11,9917616607,Business Development Manager,Sales & Business Development,
116,Verile,Gilliver,Female,47,2001-08-28,9978677108,Logistics Coordinator,Operations,
117,Tedie,Tixall,Male,30,1980-06-06,9600202970,Capacity Planner,Load Planning,
118,Ambrose,Presland,Male,23,1989-02-28,9468722251,Dispatcher,Dispatch,
119,Lu,Colclough,Female,47,1998-06-29,9533888145,TMS Administrator,,
120,Lanna,Kleinmann,Female,30,1998-08-04,9352042947,Brand Manager,Marketing,
121,Adi,Enderby,Female,41,1979-08-04,9776229184,Freight Planner,Operations,
122,Melba,Nock,Female,39,1993-03-09,9560339206,Freight Allocator,Load Planning,
123,Tiffi,Hryniewicz,Female,50,1977-04-17,9128930343,Dispatcher,Dispatch,
124,Mary,Auden,Female,29,1991-12-09,9933150206,HR Manager,Human Resources,
125,Audra,Manssuer,Female,39,1992-04-24,9224500764,Payroll Specialist,Human Resources,
126,Maryjane,Pleven,Female,36,2000-06-03,9764921145,Route Planner,Routing & Planning,
127,Martino,Coldbath,Male,39,1992-01-19,9767131489,Operations Manager,Operations,
128,Chester,Winfield,Male,30,1986-02-17,9261285256,Logistics Accountant,Finance & Billing,
129,Flossie,Nassey,Female,25,2001-01-02,9320260375,Risk & Audit Specialist,Compliance,
130,Carrie,Gayle,Female,38,1996-07-01,9766184425,Supply Chain Analyst,Operations,
131,Saw,Adrien,Male,47,1985-05-27,9315422147,After-Sales Specialist,Customer Service,
132,Harri,Mulqueeny,Female,43,1977-09-11,9915317996,Dispatch Supervisor,Dispatch,
133,Georgianne,Challener,Female,34,1987-02-07,9933166815,Brand Manager,Marketing,
134,Tobe,Lichfield,Male,24,1985-09-06,9810156665,Financial Analyst,Finance & Billing,
135,Ara,Hizir,Female,41,1997-03-04,9566076600,Fleet Manager,Fleet Management,
136,Tris,Lambertson,Male,27,1981-01-20,9779325856,Dispatch Supervisor,Dispatch,
137,Nappie,Gabbott,Male,32,1985-09-24,9313993740,Customer Service Representative,Customer Service,
138,Buckie,Kermath,Male,28,1996-06-21,9346285970,Transportation Planner,Routing & Planning,
139,Jany,Witherdon,Female,44,1998-10-26,9403753345,HR Manager,Human Resources,
140,Ernestus,Golsby,Male,32,1992-06-12,9782100406,After-Sales Specialist,Customer Service,
141,Dallon,Advani,Male,24,1976-09-21,9309846064,Brand Manager,Marketing,
142,Missy,Richford,Female,29,1992-09-02,9425850576,Logistics Analyst,Routing & Planning,
143,Grier,Taylder,Female,27,1994-12-23,9132658004,Transport Scheduler,Dispatch,
144,Findley,Tessyman,Male,39,1980-08-29,9783563445,Business Development Manager,Sales & Business Development,
145,Ranice,Blackaby,Female,42,1986-10-20,9642334928,Accounts Receivable Specialist,Finance & Billing,
146,Coralyn,Stolte,Female,29,1984-05-23,9668517072,Sales Analyst,Sales & Business Development,
147,Alyda,Hollington,Female,44,1987-08-31,9451120975,Warehouse Supervisor,Warehouse,
148,Kristo,Dundon,Male,33,1985-04-17,9842253963,Capacity Planner,Load Planning,
149,Marnie,Browne,Female,32,1986-07-17,9568139231,Driver Compliance Officer,Fleet Management,
150,Cilka,Handke,Female,38,1993-06-15,9238672177,Content Creator,Marketing,
151,Marlowe,Rivilis,Male,25,1978-04-29,9190583860,Customer Service Representative,Customer Service,
152,Lynelle,Quinnell,Female,45,1986-08-22,9819252432,Vendor Relations Coordinator,Procurement,
153,Arman,McNea,Male,47,1995-12-09,9287875413,Dispatcher,Dispatch,
154,Sherwood,Banke,Male,42,1977-02-10,9984697652,Client Account Manager,Customer Service,
155,Talia,Prall,Female,24,1991-03-03,9574121401,Logistics Accountant,Finance & Billing,
156,Noel,Loblie,Female,29,1984-09-11,9842551302,Key Account Manager,Sales & Business Development,
157,Rodina,Brakewell,Female,50,1978-07-27,9778564194,Capacity Planner,Load Planning,
158,Tadeo,Leagas,Male,34,1985-06-13,9780718833,Payroll Specialist,Human Resources,
159,Dexter,Ridulfo,Male,29,1976-11-21,9891391922,Vendor Relations Coordinator,Procurement,
160,Rosaline,Austing,Female,26,1994-08-21,9138012201,Vendor Relations Coordinator,Procurement,
161,Maxim,Fishpoole,Male,34,1992-02-23,9645124192,Accounts Receivable Specialist,Finance & Billing,
162,Kati,Joan,Female,27,1985-06-17,9730548270,Fleet Operations Specialist,Fleet Management,
163,Karmen,Fagence,Female,23,1999-03-05,9176950316,Content Creator,Marketing,
164,Kendall,Kentwell,Male,43,1990-08-19,9675623830,Key Account Manager,Sales & Business Development,
165,Burty,Epperson,Male,50,1995-09-24,9379440664,Fleet Manager,Fleet Management,
166,Packston,Sesser,Male,33,1981-06-19,9314904988,Route Optimization Specialist,Routing & Planning,
167,Jeniece,Drissell,Female,42,1992-10-19,9898760994,Customer Support Coordinator,Customer Service,
168,Pincas,Mapstone,Male,41,1992-10-02,9974597054,Capacity Planner,Load Planning,
169,Elnar,Delion,Male,30,1989-09-19,9509956908,Recruiter,,
170,Chariot,Paske,Male,30,1984-05-03,9845882196,Logistics Coordinator,Operations,
171,Blaire,Annice,Female,49,1990-12-11,9847086182,Transportation Planner,Routing & Planning,
172,Charin,Pittock,Female,36,1992-01-23,9415425011,Key Account Manager,Sales & Business Development,
173,Glory,Spuner,Female,50,1982-07-02,9381992924,Risk & Audit Specialist,Compliance,
174,Randie,Longina,Female,24,2000-03-30,9732606498,Compliance Officer,Compliance,
175,Tannie,Bompas,Male,23,1976-11-17,9541217722,HR Manager,Human Resources,
176,Lenore,Ickovits,Female,40,1994-04-17,9951322280,Risk & Audit Specialist,Compliance,
177,Ferdy,Garm,Male,42,1998-07-04,9411174845,Sales Executive,Sales & Business Development,
178,Sumner,Easeman,Male,27,1992-06-08,9234060470,Fleet Operations Specialist,Fleet Management,
179,Valentino,Segot,Male,24,1975-08-15,9898147049,Brand Manager,Marketing,
180,Kelsey,Jekyll,Male,27,1987-10-05,9511337552,Warehouse Supervisor,Warehouse,
181,Jody,Lownes,Male,25,1986-06-01,9621647543,Transportation Planner,Routing & Planning,
182,Clea,Linforth,Female,49,1985-10-11,9525417471,Client Account Manager,Customer Service,
183,Valli,Tillerton,Female,38,1975-08-20,9607366164,Route Planner,Routing & Planning,
184,Brandon,Ledrun,Male,45,1994-06-19,9259704464,Freight Planner,Operations,
185,Addia,Dary,Female,30,2000-07-12,9231462553,Freight Allocator,Load Planning,
186,Aurthur,Eakley,Male,28,1981-05-26,9516976574,Route Optimization Specialist,Routing & Planning,
187,Reggi,Godball,Female,31,2000-05-29,9623257747,Health & Safety Coordinator,Compliance,
188,Barnebas,Northill,Male,29,1986-05-13,9965763424,Fleet Manager,Fleet Management,
189,Robbie,Rough,Female,27,1986-07-25,9572565548,Procurement Specialist,Procurement,
190,Elie,Hebdon,Female,27,1998-08-15,9913487037,Fleet Manager,Fleet Management,
191,Dare,Sheeres,Male,40,1978-04-10,9576213401,Route Planner,Routing & Planning,
192,Roz,Killich,Female,43,1999-07-26,9959618833,Risk & Audit Specialist,Compliance,
193,Emmye,Wattam,Female,48,2002-02-04,9985544339,Route Planner,Routing & Planning,
194,Iorgo,Krolak,Male,29,1987-08-21,9202389523,Health & Safety Coordinator,Compliance,
195,Rustie,Watkins,Male,43,1997-10-23,9576911440,Driver Compliance Officer,Fleet Management,
196,Charlene,Ellens,Female,35,1976-04-06,9371130983,Dispatcher,Dispatch,
197,Jenni,Gherarducci,Female,35,1981-05-24,9281896354,Load Dispatcher,Dispatch,
198,Mead,Gilliard,Male,40,1985-01-20,9304973445,Load Dispatcher,Dispatch,
199,Adi,Fernehough,Female,37,2000-01-21,9290722441,Forklift Operator,Warehouse,
200,Cloris,Allcroft,Female,25,1998-08-19,9246772449,Driver Compliance Officer,Fleet Management,
201,Sadf,Sdf,Male,24,2020-10-10,1212121212,Safd,Safd,
202,Christian,Elvy,Male,29,1979-05-25,9554219462,Delivery Driver,Human Resources,
203,Zorana,Peert,Female,40,1984-08-07,9220318451,Delivery Driver,Human Resources,
204,Godard,Vellender,Male,26,1980-06-03,9891464181,Delivery Driver,Human Resources,
205,Minor,Rowley,Male,29,1979-11-26,9985238882,Delivery Driver,Human Resources,
206,Myrtle,Beers,Female,29,1977-10-22,9467841963,Delivery Driver,Human Resources,
207,Audy,Walford,Female,43,1987-11-13,9780964574,Delivery Driver,Human Resources,
208,Wilfred,Hoble,Male,48,1998-05-19,9582828079,Delivery Driver,Human Resources,
209,Shawna,Hearsey,Female,46,1980-10-29,9113190097,Delivery Driver,Human Resources,
210,Leoine,Ducarel,Female,50,1989-01-04,9752491027,Delivery Driver,Human Resources,
211,Allard,Moohan,Male,43,1986-03-22,9760334743,Delivery Driver,Human Resources,
212,Hugibert,Godfery,Male,31,1993-01-02,9176420662,Delivery Driver,Human Resources,
213,Letisha,Gigg,Female,39,1976-07-31,9728686056,Delivery Driver,Human Resources,
214,Mendy,Treuge,Male,26,1995-05-21,9587732957,Delivery Driver,Human Resources,
215,Marylinda,Fortin,Female,44,1990-11-22,9238505149,Delivery Driver,Human Resources,
216,Lucille,Hiorn,Female,46,1977-04-15,9131492221,Delivery Driver,Human Resources,
217,Gun,Roskelly,Male,37,1999-07-31,9904606370,Delivery Driver,Human Resources,
218,Harold,Mayho,Male,41,1997-03-27,9239479124,Delivery Driver,Human Resources,
219,Dania,Woffenden,Female,29,1978-11-19,9409608827,Delivery Driver,Human Resources,
220,Nadean,Smyth,Female,26,1995-07-14,9155538515,Delivery Driver,Human Resources,
221,Doro,Bastable,Female,43,1988-06-01,9984922567,Delivery Driver,Human Resources,
222,Agustin,Maysor,Male,43,1996-05-17,9190526109,Delivery Driver,Human Resources,
223,Kermit,Thaxter,Male,31,1988-02-23,9792150537,Delivery Driver,Human Resources,
224,Mathias,Toopin,Male,24,2001-12-23,9188681258,Delivery Driver,Human Resources,
225,Elbert,Maseres,Male,24,1994-12-25,9222611829,Delivery Driver,Human Resources,
226,Pepito,Allmen,Male,37,1998-01-04,9183192720,Delivery Driver,Human Resources,
227,Drud,Pacheco,Male,45,1989-04-29,9877492793,Delivery Driver,Human Resources,
228,Conan,Iliffe,Male,36,1986-02-05,9366694576,Delivery Driver,Human Resources,
229,Rhody,Ciottoi,Female,34,2000-10-28,9603697174,Delivery Driver,Human Resources,
230,Prentiss,Linder,Male,45,1983-02-24,9372862270,Delivery Driver,Human Resources,
231,Carleton,Freckingham,Male,50,1979-09-06,9371476343,Delivery Driver,Human Resources,
232,Rennie,Neiland,Female,49,1998-12-14,9430462809,Delivery Driver,Human Resources,
233,Nickolas,Duddan,Male,27,1987-10-31,9232130791,Delivery Driver,Human Resources,
234,Elwin,Rubinow,Male,34,1997-03-29,9586505820,Delivery Driver,Human Resources,
235,Quintilla,Thorp,Female,33,1987-06-29,9525942350,Delivery Driver,Human Resources,
236,Dar,Dachey,Male,29,1985-01-06,9615083713,Delivery Driver,Human Resources,
237,Hedi,Aspinall,Female,34,2001-08-27,9949402098,Delivery Driver,Human Resources,
238,Everard,Leith,Male,31,1981-08-15,9146370843,Delivery Driver,Human Resources,
239,Curr,Freddi,Male,50,1989-06-19,9908242088,Delivery Driver,Human Resources,
240,Burr,Damrel,Male,33,1981-07-05,9398851450,Delivery Driver,Human Resources,
