"Order Item Id",id,"Product Name","Product Category Id","Product Category Name","Department Id","Department Name"
TK55341,1,"Diamondback Women's Serene Classic Comfort Bi",43,"Camping & Hiking",7,"Fan Shop"
TK82504,2,"Nike Men's CJ Elite 2 TD Football Cleat",18,"Men's Footwear",4,Apparel
MC179213,3,"Smart watch ",73,"Sporting Goods",2,Fitness
TK101052,4,"Nike Men's Free 5.0+ Running Shoe",9,"Cardio Equipment",3,Footwear
TK99195,5,"Perfect Fitness Perfect Rip Deck",17,Cleats,4,Apparel
TK82504,6,"Nike Men's CJ Elite 2 TD Football Cleat",18,"Men's Footwear",4,Apparel
TK81079,7,"Nike Men's CJ Elite 2 TD Football Cleat",18,"Men's Footwear",4,Apparel
TK82504,8,"Nike Men's CJ Elite 2 TD Football Cleat",18,"Men's Footwear",4,Apparel
TK89644,9,"Nike Men's CJ Elite 2 TD Football Cleat",18,"Men's Footwear",4,Apparel
TK121217,10,"Team Golf St. Louis Cardinals Putter Grip",40,Accessories,6,Outdoors
TK121561,11,"Nike Men's Dri-FIT Victory Golf Polo",24,"Women's Apparel",5,Golf
TK89644,12,"Nike Men's CJ Elite 2 TD Football Cleat",18,"Men's Footwear",4,Apparel
MC133575,13,"Nike Men's Dri-FIT Victory Golf Polo",24,"Women's Apparel",5,Golf
CR179190,14,"Smart watch ",73,"Sporting Goods",2,Fitness
MC33012,15,"Under Armour Girls' Toddler Spine Surge Runni",29,"Shop By Sport",5,Golf
TK87221,16,"Nike Men's CJ Elite 2 TD Football Cleat",18,"Men's Footwear",4,Apparel
CR35536,17,"Nike Men's Dri-FIT Victory Golf Polo",24,"Women's Apparel",5,Golf
TK99691,18,"Bridgestone e6 Straight Distance NFL Tennesse",37,Electronics,6,Outdoors
MC157266,19,"Nike Men's Dri-FIT Victory Golf Polo",24,"Women's Apparel",5,Golf
MC179143,20,"Smart watch ",73,"Sporting Goods",2,Fitness
CR7094,21,"adidas Kids' F5 Messi FG Soccer Cleat",3,"Baseball & Softball",2,Fitness
CR179139,22,"Smart watch ",73,"Sporting Goods",2,Fitness
TK81629,23,"Diamondback Women's Serene Classic Comfort Bi",43,"Camping & Hiking",7,"Fan Shop"
CR24949,24,"Under Armour Women's Micro G Skulpt Running S",12,"Boxing & MMA",3,Footwear
TK87545,25,"Nike Men's CJ Elite 2 TD Football Cleat",18,"Men's Footwear",4,Apparel
TK122319,26,"Glove It Women's Mod Oval Golf Glove",36,"Golf Balls",6,Outdoors
MC155664,27,"Nike Men's Free 5.0+ Running Shoe",9,"Cardio Equipment",3,Footwear
MC36529,28,"Nike Men's Free 5.0+ Running Shoe",9,"Cardio Equipment",3,Footwear
MC37625,29,"Nike Men's Dri-FIT Victory Golf Polo",24,"Women's Apparel",5,Golf
CR162086,30,"Perfect Fitness Perfect Rip Deck",17,Cleats,4,Apparel
TK46447,31,"Nike Men's Dri-FIT Victory Golf Polo",24,"Women's Apparel",5,Golf
TK114663,32,"Nike Men's Free 5.0+ Running Shoe",9,"Cardio Equipment",3,Footwear
TK46447,33,"Nike Men's Dri-FIT Victory Golf Polo",24,"Women's Apparel",5,Golf
CR179131,34,"Smart watch ",73,"Sporting Goods",2,Fitness
MC36529,35,"Perfect Fitness Perfect Rip Deck",17,Cleats,4,Apparel
MC179128,36,"Smart watch ",73,"Sporting Goods",2,Fitness
MC32808,37,"Perfect Fitness Perfect Rip Deck",17,Cleats,4,Apparel
MC154470,38,"Perfect Fitness Perfect Rip Deck",17,Cleats,4,Apparel
CR145886,39,"Perfect Fitness Perfect Rip Deck",17,Cleats,4,Apparel
TK114663,40,"Nike Men's Dri-FIT Victory Golf Polo",24,"Women's Apparel",5,Golf
MC32808,41,"Perfect Fitness Perfect Rip Deck",17,Cleats,4,Apparel
TK124607,42,"Perfect Fitness Perfect Rip Deck",17,Cleats,4,Apparel
TK73253,43,"Nike Men's CJ Elite 2 TD Football Cleat",18,"Men's Footwear",4,Apparel
MC166992,44,"Perfect Fitness Perfect Rip Deck",17,Cleats,4,Apparel
CR6997,45,"Perfect Fitness Perfect Rip Deck",17,Cleats,4,Apparel
TK54942,46,"Nike Men's CJ Elite 2 TD Football Cleat",18,"Men's Footwear",4,Apparel
MC142724,47,"Nike Men's Free 5.0+ Running Shoe",9,"Cardio Equipment",3,Footwear
CR6997,48,"Under Armour Girls' Toddler Spine Surge Runni",29,"Shop By Sport",5,Golf
MC142724,49,"Nike Men's Free 5.0+ Running Shoe",9,"Cardio Equipment",3,Footwear
TK104041,50,"Nike Men's CJ Elite 2 TD Football Cleat",18,"Men's Footwear",4,Apparel
MC21247,51,"Nike Men's Dri-FIT Victory Golf Polo",24,"Women's Apparel",5,Golf
CR43614,52,"Nike Men's Free 5.0+ Running Shoe",9,"Cardio Equipment",3,Footwear
MC142724,53,"Perfect Fitness Perfect Rip Deck",17,Cleats,4,Apparel
MC21448,54,"Nike Men's Dri-FIT Victory Golf Polo",24,"Women's Apparel",5,Golf
MC15114,55,"adidas Men's F10 Messi TRX FG Soccer Cleat",3,"Baseball & Softball",2,Fitness
MC137579,56,"Under Armour Girls' Toddler Spine Surge Runni",29,"Shop By Sport",5,Golf
CR7152,57,"Perfect Fitness Perfect Rip Deck",17,Cleats,4,Apparel
TK75762,58,"Nike Men's Dri-FIT Victory Golf Polo",24,"Women's Apparel",5,Golf
TK122319,59,"Perfect Fitness Perfect Rip Deck",17,Cleats,4,Apparel
CR7152,60,"Nike Men's Dri-FIT Victory Golf Polo",24,"Women's Apparel",5,Golf
TK116189,61,"Perfect Fitness Perfect Rip Deck",17,Cleats,4,Apparel
TK131025,62,"Under Armour Girls' Toddler Spine Surge Runni",29,"Shop By Sport",5,Golf
TK131025,63,"Team Golf Texas Longhorns Putter Grip",40,Accessories,6,Outdoors
TK131025,64,"Team Golf Pittsburgh Steelers Putter Grip",40,Accessories,6,Outdoors
MC162635,65,"Nike Men's Dri-FIT Victory Golf Polo",24,"Women's Apparel",5,Golf
CR160746,66,"Under Armour Girls' Toddler Spine Surge Runni",29,"Shop By Sport",5,Golf
MC166788,67,"Under Armour Girls' Toddler Spine Surge Runni",29,"Shop By Sport",5,Golf
TK114663,68,"Glove It Women's Imperial Golf Glove",36,"Golf Balls",6,Outdoors
MC19770,69,"Nike Men's Free 5.0+ Running Shoe",9,"Cardio Equipment",3,Footwear
MC2737,70,"Nike Men's Free 5.0+ Running Shoe",9,"Cardio Equipment",3,Footwear
MC149601,71,"Under Armour Girls' Toddler Spine Surge Runni",29,"Shop By Sport",5,Golf
CR146985,72,"Nike Men's Dri-FIT Victory Golf Polo",24,"Women's Apparel",5,Golf
MC23286,73,"Nike Men's Dri-FIT Victory Golf Polo",24,"Women's Apparel",5,Golf
TK126395,74,"Nike Men's Free 5.0+ Running Shoe",9,"Cardio Equipment",3,Footwear
TK115042,75,"Under Armour Women's Ignite PIP VI Slide",13,Electronics,3,Footwear
TK104781,76,"Perfect Fitness Perfect Rip Deck",17,Cleats,4,Apparel
TK54948,77,"Under Armour Girls' Toddler Spine Surge Runni",29,"Shop By Sport",5,Golf
TK53676,78,"Under Armour Girls' Toddler Spine Surge Runni",29,"Shop By Sport",5,Golf
TK53979,79,"Perfect Fitness Perfect Rip Deck",17,Cleats,4,Apparel
TK70122,80,"Nike Men's Dri-FIT Victory Golf Polo",24,"Women's Apparel",5,Golf
TK93572,81,"Perfect Fitness Perfect Rip Deck",17,Cleats,4,Apparel
TK94587,82,"Under Armour Girls' Toddler Spine Surge Runni",29,"Shop By Sport",5,Golf
MC157266,83,"Perfect Fitness Perfect Rip Deck",17,Cleats,4,Apparel
TK96612,84,"Under Armour Girls' Toddler Spine Surge Runni",29,"Shop By Sport",5,Golf
MC11672,85,"Perfect Fitness Perfect Rip Deck",17,Cleats,4,Apparel
TK102945,86,"Nike Men's Dri-FIT Victory Golf Polo",24,"Women's Apparel",5,Golf
MC170721,87,"Nike Men's Free 5.0+ Running Shoe",9,"Cardio Equipment",3,Footwear
MC137579,88,"Nike Men's Free 5.0+ Running Shoe",9,"Cardio Equipment",3,Footwear
TK84074,89,"Perfect Fitness Perfect Rip Deck",17,Cleats,4,Apparel
TK122319,90,"Nike Men's CJ Elite 2 TD Football Cleat",18,"Men's Footwear",4,Apparel
TK51561,91,"Under Armour Girls' Toddler Spine Surge Runni",29,"Shop By Sport",5,Golf
TK122319,92,"Nike Men's CJ Elite 2 TD Football Cleat",18,"Men's Footwear",4,Apparel
TK48340,93,"Perfect Fitness Perfect Rip Deck",17,Cleats,4,Apparel
TK60332,94,"Under Armour Women's Micro G Skulpt Running S",12,"Boxing & MMA",3,Footwear
TK59461,95,"Nike Men's Free 5.0+ Running Shoe",9,"Cardio Equipment",3,Footwear
TK60332,96,"Glove It Women's Mod Oval Golf Glove",36,"Golf Balls",6,Outdoors
MC168802,97,"Nike Men's Dri-FIT Victory Golf Polo",24,"Women's Apparel",5,Golf
TK89644,98,"Perfect Fitness Perfect Rip Deck",17,Cleats,4,Apparel
TK56358,99,"Nike Men's Free 5.0+ Running Shoe",9,"Cardio Equipment",3,Footwear
MC29946,100,"Nike Men's Free 5.0+ Running Shoe",9,"Cardio Equipment",3,Footwear
CR133467,101,"Perfect Fitness Perfect Rip Deck",17,Cleats,4,Apparel
TK61128,102,"Nike Men's Dri-FIT Victory Golf Polo",24,"Women's Apparel",5,Golf
MC168802,103,"Perfect Fitness Perfect Rip Deck",17,Cleats,4,Apparel
MC174298,104,"Industrial consumer electronics",65,"Consumer Electronics",10,Technology
TK131025,105,"Nike Men's Free 5.0+ Running Shoe",9,"Cardio Equipment",3,Footwear
TK112832,106,"Nike Men's CJ Elite 2 TD Football Cleat",18,"Men's Footwear",4,Apparel
CR31785,107,"Nike Men's CJ Elite 2 TD Football Cleat",18,"Men's Footwear",4,Apparel
MC40946,108,"Under Armour Women's Micro G Skulpt Running S",12,"Boxing & MMA",3,Footwear
TK77528,109,"Nike Men's Dri-FIT Victory Golf Polo",24,"Women's Apparel",5,Golf
CR31785,110,"Nike Men's CJ Elite 2 TD Football Cleat",18,"Men's Footwear",4,Apparel
MC149906,111,"GolfBuddy VT3 GPS Watch",38,"Kids' Golf Clubs",6,Outdoors
TK112832,112,"Nike Men's CJ Elite 2 TD Football Cleat",18,"Men's Footwear",4,Apparel
MC179000,113,"Adult dog supplies",72,"Pet Supplies",11,"Pet Shop"
MC179079,114,"Smart watch ",73,"Sporting Goods",2,Fitness
TK58702,115,"Field & Stream Sportsman 16 Gun Fire Safe",45,Fishing,7,"Fan Shop"
MC179072,116,"Smart watch ",73,"Sporting Goods",2,Fitness
MC176534,117,"Smart watch ",73,"Sporting Goods",2,Fitness
TK51503,118,"Field & Stream Sportsman 16 Gun Fire Safe",45,Fishing,7,"Fan Shop"
TK112832,119,"Nike Men's CJ Elite 2 TD Football Cleat",18,"Men's Footwear",4,Apparel
TK112832,120,"Perfect Fitness Perfect Rip Deck",17,Cleats,4,Apparel
TK50330,121,"Nike Men's CJ Elite 2 TD Football Cleat",18,"Men's Footwear",4,Apparel
MC173226,122,"Web Camera",62,"Cameras ",10,Technology
CR176485,123,"Smart watch ",73,"Sporting Goods",2,Fitness
MC34166,124,"Perfect Fitness Perfect Rip Deck",17,Cleats,4,Apparel
CR176478,125,"Smart watch ",73,"Sporting Goods",2,Fitness
MC32808,126,"Nike Men's CJ Elite 2 TD Football Cleat",18,"Men's Footwear",4,Apparel
TK48587,127,"Nike Men's Dri-FIT Victory Golf Polo",24,"Women's Apparel",5,Golf
TK123904,128,"Nike Men's CJ Elite 2 TD Football Cleat",18,"Men's Footwear",4,Apparel
MC33072,129,"Nike Men's Dri-FIT Victory Golf Polo",24,"Women's Apparel",5,Golf
TK123904,130,"Nike Men's CJ Elite 2 TD Football Cleat",18,"Men's Footwear",4,Apparel
TK124607,131,"Under Armour Girls' Toddler Spine Surge Runni",29,"Shop By Sport",5,Golf
TK86748,132,"Nike Men's CJ Elite 2 TD Football Cleat",18,"Men's Footwear",4,Apparel
MC34166,133,"Field & Stream Sportsman 16 Gun Fire Safe",45,Fishing,7,"Fan Shop"
MC37625,134,"Nike Men's Dri-FIT Victory Golf Polo",24,"Women's Apparel",5,Golf
CR131628,135,"Nike Men's CJ Elite 2 TD Football Cleat",18,"Men's Footwear",4,Apparel
CR160004,136,"Nike Men's Dri-FIT Victory Golf Polo",24,"Women's Apparel",5,Golf
TK50330,137,"Field & Stream Sportsman 16 Gun Fire Safe",45,Fishing,7,"Fan Shop"
TK128918,138,"Nike Men's Dri-FIT Victory Golf Polo",24,"Women's Apparel",5,Golf
CR31785,139,"Field & Stream Sportsman 16 Gun Fire Safe",45,Fishing,7,"Fan Shop"
TK57218,140,"Under Armour Girls' Toddler Spine Surge Runni",29,"Shop By Sport",5,Golf
TK57218,141,"Nike Men's Dri-FIT Victory Golf Polo",24,"Women's Apparel",5,Golf
TK50330,142,"Under Armour Girls' Toddler Spine Surge Runni",29,"Shop By Sport",5,Golf
TK50330,143,"Nike Men's Free 5.0+ Running Shoe",9,"Cardio Equipment",3,Footwear
TK108765,144,"Perfect Fitness Perfect Rip Deck",17,Cleats,4,Apparel
TK57218,145,"Nike Men's Dri-FIT Victory Golf Polo",24,"Women's Apparel",5,Golf
TK108765,146,"Nike Men's Dri-FIT Victory Golf Polo",24,"Women's Apparel",5,Golf
CR31785,147,"Nike Men's Dri-FIT Victory Golf Polo",24,"Women's Apparel",5,Golf
TK87426,148,"Perfect Fitness Perfect Rip Deck",17,Cleats,4,Apparel
CR30821,149,"Nike Men's Free 5.0+ Running Shoe",9,"Cardio Equipment",3,Footwear
TK57218,150,"Nike Men's Dri-FIT Victory Golf Polo",24,"Women's Apparel",5,Golf
TK68118,151,"Perfect Fitness Perfect Rip Deck",17,Cleats,4,Apparel
TK87426,152,"Nike Men's Dri-FIT Victory Golf Polo",24,"Women's Apparel",5,Golf
MC168013,153,"Nike Men's CJ Elite 2 TD Football Cleat",18,"Men's Footwear",4,Apparel
CR35091,154,"Nike Men's CJ Elite 2 TD Football Cleat",18,"Men's Footwear",4,Apparel
MC32840,155,"Nike Men's CJ Elite 2 TD Football Cleat",18,"Men's Footwear",4,Apparel
CR35091,156,"Nike Men's CJ Elite 2 TD Football Cleat",18,"Men's Footwear",4,Apparel
TK57218,157,"Hirzl Women's Soffft Flex Golf Glove",36,"Golf Balls",6,Outdoors
MC39032,158,"Nike Men's CJ Elite 2 TD Football Cleat",18,"Men's Footwear",4,Apparel
TK110081,159,"Nike Men's CJ Elite 2 TD Football Cleat",18,"Men's Footwear",4,Apparel
TK110081,160,"Nike Men's Dri-FIT Victory Golf Polo",24,"Women's Apparel",5,Golf
TK110081,161,"Diamondback Women's Serene Classic Comfort Bi",43,"Camping & Hiking",7,"Fan Shop"
TK88696,162,"Bridgestone e6 Straight Distance NFL Carolina",37,Electronics,6,Outdoors
TK48326,163,"Nike Men's Dri-FIT Victory Golf Polo",24,"Women's Apparel",5,Golf
MC158389,164,"Perfect Fitness Perfect Rip Deck",17,Cleats,4,Apparel
CR155782,165,"Perfect Fitness Perfect Rip Deck",17,Cleats,4,Apparel
MC173757,166,"Children's heaters",63,"Children's Clothing",4,Apparel
MC43489,167,"Nike Men's Dri-FIT Victory Golf Polo",24,"Women's Apparel",5,Golf
MC39032,168,"Nike Men's CJ Elite 2 TD Football Cleat",18,"Men's Footwear",4,Apparel
CR28992,169,"Nike Men's Dri-FIT Victory Golf Polo",24,"Women's Apparel",5,Golf
TK47568,170,"Nike Men's Dri-FIT Victory Golf Polo",24,"Women's Apparel",5,Golf
MC158121,171,"Under Armour Girls' Toddler Spine Surge Runni",29,"Shop By Sport",5,Golf
MC162921,172,"Under Armour Girls' Toddler Spine Surge Runni",29,"Shop By Sport",5,Golf
TK45411,173,"Perfect Fitness Perfect Rip Deck",17,Cleats,4,Apparel
MC155727,174,"Nike Men's Dri-FIT Victory Golf Polo",24,"Women's Apparel",5,Golf
MC21759,175,"Nike Men's Free 5.0+ Running Shoe",9,"Cardio Equipment",3,Footwear
MC26627,176,"Nike Men's CJ Elite 2 TD Football Cleat",18,"Men's Footwear",4,Apparel
MC158359,177,"Nike Men's CJ Elite 2 TD Football Cleat",18,"Men's Footwear",4,Apparel
TK47568,178,"Nike Men's Dri-FIT Victory Golf Polo",24,"Women's Apparel",5,Golf
MC39032,179,"Nike Men's Dri-FIT Victory Golf Polo",24,"Women's Apparel",5,Golf
TK117704,180,"Team Golf Pittsburgh Steelers Putter Grip",40,Accessories,6,Outdoors
MC168013,181,"Nike Men's Dri-FIT Victory Golf Polo",24,"Women's Apparel",5,Golf
TK62544,182,"Nike Men's CJ Elite 2 TD Football Cleat",18,"Men's Footwear",4,Apparel
CR35091,183,"Field & Stream Sportsman 16 Gun Fire Safe",45,Fishing,7,"Fan Shop"
TK68686,184,"Nike Men's Free 5.0+ Running Shoe",9,"Cardio Equipment",3,Footwear
MC26627,185,"Field & Stream Sportsman 16 Gun Fire Safe",45,Fishing,7,"Fan Shop"
TK51877,186,"adidas Men's F10 Messi TRX FG Soccer Cleat",3,"Baseball & Softball",2,Fitness
MC32840,187,"Diamondback Women's Serene Classic Comfort Bi",43,"Camping & Hiking",7,"Fan Shop"
CR34052,188,"Diamondback Women's Serene Classic Comfort Bi",43,"Camping & Hiking",7,"Fan Shop"
CR37267,189,"Field & Stream Sportsman 16 Gun Fire Safe",45,Fishing,7,"Fan Shop"
MC174706,190,"DVDs ",67,DVDs,9,"Discs Shop"
TK58068,191,"Nike Men's CJ Elite 2 TD Football Cleat",18,"Men's Footwear",4,Apparel
TK51877,192,"Nike Men's Free 5.0+ Running Shoe",9,"Cardio Equipment",3,Footwear
TK69688,193,"Perfect Fitness Perfect Rip Deck",17,Cleats,4,Apparel
CR153271,194,"Nike Men's CJ Elite 2 TD Football Cleat",18,"Men's Footwear",4,Apparel
TK124214,195,"Under Armour Girls' Toddler Spine Surge Runni",29,"Shop By Sport",5,Golf
CR178084,196,"Porcelain crafts",66,Crafts,4,Apparel
CR153271,197,"Nike Men's CJ Elite 2 TD Football Cleat",18,"Men's Footwear",4,Apparel
TK109829,198,"Under Armour Hustle Storm Medium Duffle Bag",11,"Fitness Accessories",3,Footwear
MC178281,199,"Porcelain crafts",66,Crafts,4,Apparel
CR34052,200,"Diamondback Women's Serene Classic Comfort Bi",43,"Camping & Hiking",7,"Fan Shop"
CR140784,201,"Nike Men's CJ Elite 2 TD Football Cleat",18,"Men's Footwear",4,Apparel
TK114861,202,"Under Armour Girls' Toddler Spine Surge Runni",29,"Shop By Sport",5,Golf
TK104041,203,"Perfect Fitness Perfect Rip Deck",17,Cleats,4,Apparel
CR140784,204,"Perfect Fitness Perfect Rip Deck",17,Cleats,4,Apparel
TK93518,205,"Perfect Fitness Perfect Rip Deck",17,Cleats,4,Apparel
MC134567,206,"Nike Men's CJ Elite 2 TD Football Cleat",18,"Men's Footwear",4,Apparel
TK69828,207,"Nike Men's Dri-FIT Victory Golf Polo",24,"Women's Apparel",5,Golf
MC26627,208,"Diamondback Women's Serene Classic Comfort Bi",43,"Camping & Hiking",7,"Fan Shop"
TK85966,209,"Under Armour Girls' Toddler Spine Surge Runni",29,"Shop By Sport",5,Golf
MC177445,210,"Baby sweater",60,"Baby ",4,Apparel
MC175136,211,"Lawn mower",68,Garden,6,Outdoors
CR34052,212,"Field & Stream Sportsman 16 Gun Fire Safe",45,Fishing,7,"Fan Shop"
MC175224,213,"Lawn mower",68,Garden,6,Outdoors
TK73060,214,"Nike Men's Dri-FIT Victory Golf Polo",24,"Women's Apparel",5,Golf
TK130598,215,"Nike Men's CJ Elite 2 TD Football Cleat",18,"Men's Footwear",4,Apparel
MC175878,216,"Rock music",71,Music,9,"Discs Shop"
MC18049,217,"Nike Men's CJ Elite 2 TD Football Cleat",18,"Men's Footwear",4,Apparel
MC145064,218,"Perfect Fitness Perfect Rip Deck",17,Cleats,4,Apparel
TK109829,219,"Nike Women's Tempo Shorts",9,"Cardio Equipment",3,Footwear
TK94402,220,"Nike Men's Free 5.0+ Running Shoe",9,"Cardio Equipment",3,Footwear
MC18469,221,"Nike Men's Dri-FIT Victory Golf Polo",24,"Women's Apparel",5,Golf
TK88696,222,"Nike Men's Dri-FIT Victory Golf Polo",24,"Women's Apparel",5,Golf
MC146089,223,"Diamondback Women's Serene Classic Comfort Bi",43,"Camping & Hiking",7,"Fan Shop"
TK84987,224,"Nike Men's Free 5.0+ Running Shoe",9,"Cardio Equipment",3,Footwear
TK90175,225,"Nike Men's Dri-FIT Victory Golf Polo",24,"Women's Apparel",5,Golf
TK72527,226,"Team Golf Pittsburgh Steelers Putter Grip",40,Accessories,6,Outdoors
TK93518,227,"Perfect Fitness Perfect Rip Deck",17,Cleats,4,Apparel
MC18049,228,"Field & Stream Sportsman 16 Gun Fire Safe",45,Fishing,7,"Fan Shop"
CR162219,229,"Nike Men's Free TR 5.0 TB Training Shoe",16,"As Seen on  TV!",3,Footwear
TK91229,230,"Nike Men's CJ Elite 2 TD Football Cleat",18,"Men's Footwear",4,Apparel
CR135423,231,"Diamondback Women's Serene Classic Comfort Bi",43,"Camping & Hiking",7,"Fan Shop"
TK81513,232,"Under Armour Girls' Toddler Spine Surge Runni",29,"Shop By Sport",5,Golf
CR155782,233,"Perfect Fitness Perfect Rip Deck",17,Cleats,4,Apparel
CR40687,234,"Nike Men's Dri-FIT Victory Golf Polo",24,"Women's Apparel",5,Golf
CR28992,235,"Nike Men's Dri-FIT Victory Golf Polo",24,"Women's Apparel",5,Golf
TK114948,236,"Nike Men's Dri-FIT Victory Golf Polo",24,"Women's Apparel",5,Golf
CR17716,237,"Nike Men's Free 5.0+ Running Shoe",9,"Cardio Equipment",3,Footwear
CR2011,238,"Nike Men's Free 5.0+ Running Shoe",9,"Cardio Equipment",3,Footwear
TK114695,239,"Perfect Fitness Perfect Rip Deck",17,Cleats,4,Apparel
MC134567,240,"Under Armour Girls' Toddler Spine Surge Runni",29,"Shop By Sport",5,Golf
MC150722,241,"Nike Men's Dri-FIT Victory Golf Polo",24,"Women's Apparel",5,Golf
TK126499,242,"Perfect Fitness Perfect Rip Deck",17,Cleats,4,Apparel
TK63963,243,"Nike Men's Free 5.0+ Running Shoe",9,"Cardio Equipment",3,Footwear
TK126499,244,"Perfect Fitness Perfect Rip Deck",17,Cleats,4,Apparel
TK84987,245,"adidas Kids' F5 Messi FG Soccer Cleat",3,"Baseball & Softball",2,Fitness
TK45545,246,"Perfect Fitness Perfect Rip Deck",17,Cleats,4,Apparel
MC150722,247,"Under Armour Girls' Toddler Spine Surge Runni",29,"Shop By Sport",5,Golf
CR28992,248,"Perfect Fitness Perfect Rip Deck",17,Cleats,4,Apparel
CR170031,249,"Nike Men's CJ Elite 2 TD Football Cleat",18,"Men's Footwear",4,Apparel
TK112418,250,"Perfect Fitness Perfect Rip Deck",17,Cleats,4,Apparel
CR37428,251,"Diamondback Women's Serene Classic Comfort Bi",43,"Camping & Hiking",7,"Fan Shop"
TK58068,252,"Nike Men's Free 5.0+ Running Shoe",9,"Cardio Equipment",3,Footwear
MC16127,253,"Field & Stream Sportsman 16 Gun Fire Safe",45,Fishing,7,"Fan Shop"
TK91229,254,"Perfect Fitness Perfect Rip Deck",17,Cleats,4,Apparel
CR155782,255,"Perfect Fitness Perfect Rip Deck",17,Cleats,4,Apparel
TK62693,256,"Nike Men's CJ Elite 2 TD Football Cleat",18,"Men's Footwear",4,Apparel
TK73253,257,"Nike Women's Tempo Shorts",9,"Cardio Equipment",3,Footwear
TK91229,258,"Perfect Fitness Perfect Rip Deck",17,Cleats,4,Apparel
MC176406,259,"Smart watch ",73,"Sporting Goods",2,Fitness
TK116620,260,"Nike Men's CJ Elite 2 TD Football Cleat",18,"Men's Footwear",4,Apparel
TK113005,261,"Nike Dri-FIT Crew Sock 6 Pack",7,Hockey,2,Fitness
TK62693,262,"Under Armour Girls' Toddler Spine Surge Runni",29,"Shop By Sport",5,Golf
TK90607,263,"Nike Dri-FIT Crew Sock 6 Pack",7,Hockey,2,Fitness
TK77829,264,"Titleist Pro V1x High Numbers Personalized Go",37,Electronics,6,Outdoors
TK105326,265,"Perfect Fitness Perfect Rip Deck",17,Cleats,4,Apparel
TK91823,266,"Perfect Fitness Perfect Rip Deck",17,Cleats,4,Apparel
TK84987,267,"Perfect Fitness Perfect Rip Deck",17,Cleats,4,Apparel
TK85793,268,"Nike Men's CJ Elite 2 TD Football Cleat",18,"Men's Footwear",4,Apparel
TK105326,269,"Under Armour Girls' Toddler Spine Surge Runni",29,"Shop By Sport",5,Golf
TK74532,270,"Nike Dri-FIT Crew Sock 6 Pack",7,Hockey,2,Fitness
TK84987,271,"Nike Men's Dri-FIT Victory Golf Polo",24,"Women's Apparel",5,Golf
TK54942,272,"Nike Men's Dri-FIT Victory Golf Polo",24,"Women's Apparel",5,Golf
TK71782,273,"Nike Dri-FIT Crew Sock 6 Pack",7,Hockey,2,Fitness
MC158389,274,"Perfect Fitness Perfect Rip Deck",17,Cleats,4,Apparel
CR15760,275,"Nike Dri-FIT Crew Sock 6 Pack",7,Hockey,2,Fitness
MC158359,276,"Nike Men's Dri-FIT Victory Golf Polo",24,"Women's Apparel",5,Golf
TK85793,277,"Nike Men's CJ Elite 2 TD Football Cleat",18,"Men's Footwear",4,Apparel
CR9682,278,"Nike Dri-FIT Crew Sock 6 Pack",7,Hockey,2,Fitness
CR40687,279,"Team Golf St. Louis Cardinals Putter Grip",40,Accessories,6,Outdoors
MC6780,280,"Nike Dri-FIT Crew Sock 6 Pack",7,Hockey,2,Fitness
CR17716,281,"Nike Men's Free 5.0+ Running Shoe",9,"Cardio Equipment",3,Footwear
TK125638,282,"Under Armour Girls' Toddler Spine Surge Runni",29,"Shop By Sport",5,Golf
TK62544,283,"Under Armour Girls' Toddler Spine Surge Runni",29,"Shop By Sport",5,Golf
TK53411,284,"Bridgestone e6 Straight Distance NFL Tennesse",37,Electronics,6,Outdoors
TK86079,285,"Perfect Fitness Perfect Rip Deck",17,Cleats,4,Apparel
TK81629,286,"Perfect Fitness Perfect Rip Deck",17,Cleats,4,Apparel
TK85915,287,"Nike Men's CJ Elite 2 TD Football Cleat",18,"Men's Footwear",4,Apparel
CR153271,288,"Perfect Fitness Perfect Rip Deck",17,Cleats,4,Apparel
CR142021,289,"Nike Women's Legend V-Neck T-Shirt",7,Hockey,2,Fitness
TK81629,290,"Nike Men's Dri-FIT Victory Golf Polo",24,"Women's Apparel",5,Golf
TK80766,291,"Diamondback Women's Serene Classic Comfort Bi",43,"Camping & Hiking",7,"Fan Shop"
TK110081,292,"Perfect Fitness Perfect Rip Deck",17,Cleats,4,Apparel
TK125913,293,"Nike Women's Legend V-Neck T-Shirt",7,Hockey,2,Fitness
TK82504,294,"Nike Men's Dri-FIT Victory Golf Polo",24,"Women's Apparel",5,Golf
MC158359,295,"Under Armour Girls' Toddler Spine Surge Runni",29,"Shop By Sport",5,Golf
TK120828,296,"Nike Women's Legend V-Neck T-Shirt",7,Hockey,2,Fitness
CR40687,297,"Under Armour Girls' Toddler Spine Surge Runni",29,"Shop By Sport",5,Golf
TK69828,298,"Diamondback Women's Serene Classic Comfort Bi",43,"Camping & Hiking",7,"Fan Shop"
TK58734,299,"Diamondback Women's Serene Classic Comfort Bi",43,"Camping & Hiking",7,"Fan Shop"
TK99195,300,"Under Armour Girls' Toddler Spine Surge Runni",29,"Shop By Sport",5,Golf
TK63963,301,"Nike Men's Dri-FIT Victory Golf Polo",24,"Women's Apparel",5,Golf
MC158359,302,"Under Armour Girls' Toddler Spine Surge Runni",29,"Shop By Sport",5,Golf
TK58734,303,"Diamondback Women's Serene Classic Comfort Bi",43,"Camping & Hiking",7,"Fan Shop"
MC168013,304,"Perfect Fitness Perfect Rip Deck",17,Cleats,4,Apparel
MC158359,305,"Nike Men's Dri-FIT Victory Golf Polo",24,"Women's Apparel",5,Golf
TK125075,306,"Diamondback Women's Serene Classic Comfort Bi",43,"Camping & Hiking",7,"Fan Shop"
TK97785,307,"Under Armour Girls' Toddler Spine Surge Runni",29,"Shop By Sport",5,Golf
CR153271,308,"Nike Men's Dri-FIT Victory Golf Polo",24,"Women's Apparel",5,Golf
MC146089,309,"Nike Men's Free 5.0+ Running Shoe",9,"Cardio Equipment",3,Footwear
TK125075,310,"Diamondback Women's Serene Classic Comfort Bi",43,"Camping & Hiking",7,"Fan Shop"
TK87545,311,"Nike Men's Dri-FIT Victory Golf Polo",24,"Women's Apparel",5,Golf
CR8675,312,"Nike Men's Free 5.0+ Running Shoe",9,"Cardio Equipment",3,Footwear
TK121743,313,"Perfect Fitness Perfect Rip Deck",17,Cleats,4,Apparel
TK107373,314,"Nike Men's Dri-FIT Victory Golf Polo",24,"Women's Apparel",5,Golf
TK54942,315,"Field & Stream Sportsman 16 Gun Fire Safe",45,Fishing,7,"Fan Shop"
TK119770,316,"Nike Men's Dri-FIT Victory Golf Polo",24,"Women's Apparel",5,Golf
TK119770,317,"Under Armour Girls' Toddler Spine Surge Runni",29,"Shop By Sport",5,Golf
TK73253,318,"Diamondback Women's Serene Classic Comfort Bi",43,"Camping & Hiking",7,"Fan Shop"
MC161934,319,"Brooks Women's Ghost 6 Running Shoe",12,"Boxing & MMA",3,Footwear
TK62544,320,"Field & Stream Sportsman 16 Gun Fire Safe",45,Fishing,7,"Fan Shop"
CR36079,321,"Nike Men's Free 5.0+ Running Shoe",9,"Cardio Equipment",3,Footwear
TK53411,322,"Field & Stream Sportsman 16 Gun Fire Safe",45,Fishing,7,"Fan Shop"
CR157949,323,"Nike Men's Dri-FIT Victory Golf Polo",24,"Women's Apparel",5,Golf
MC174982,324,"DVDs ",67,DVDs,9,"Discs Shop"
TK53107,325,"Field & Stream Sportsman 16 Gun Fire Safe",45,Fishing,7,"Fan Shop"
TK72158,326,"Diamondback Women's Serene Classic Comfort Bi",43,"Camping & Hiking",7,"Fan Shop"
MC146089,327,"Nike Men's Free 5.0+ Running Shoe",9,"Cardio Equipment",3,Footwear
MC18049,328,"Perfect Fitness Perfect Rip Deck",17,Cleats,4,Apparel
TK113534,329,"TYR Boys' Team Digi Jammer",26,"Girls' Apparel",5,Golf
TK53107,330,"Diamondback Women's Serene Classic Comfort Bi",43,"Camping & Hiking",7,"Fan Shop"
TK85915,331,"Under Armour Girls' Toddler Spine Surge Runni",29,"Shop By Sport",5,Golf
TK81513,332,"Perfect Fitness Perfect Rip Deck",17,Cleats,4,Apparel
CR34052,333,"Perfect Fitness Perfect Rip Deck",17,Cleats,4,Apparel
MC168736,334,"Nike Men's Dri-FIT Victory Golf Polo",24,"Women's Apparel",5,Golf
TK111308,335,"Team Golf Tennessee Volunteers Putter Grip",40,Accessories,6,Outdoors
CR176898,336,"Fighting video games",75,"Video Games",9,"Discs Shop"
CR35091,337,"Under Armour Girls' Toddler Spine Surge Runni",29,"Shop By Sport",5,Golf
CR172903,338,"Web Camera",62,"Cameras ",10,Technology
MC161745,339,"Nike Men's CJ Elite 2 TD Football Cleat",18,"Men's Footwear",4,Apparel
CR174954,340,"DVDs ",67,DVDs,9,"Discs Shop"
MC146089,341,"Perfect Fitness Perfect Rip Deck",17,Cleats,4,Apparel
TK49054,342,"Nike Men's CJ Elite 2 TD Football Cleat",18,"Men's Footwear",4,Apparel
CR8675,343,"TYR Boys' Team Digi Jammer",26,"Girls' Apparel",5,Golf
CR169326,344,"Nike Men's CJ Elite 2 TD Football Cleat",18,"Men's Footwear",4,Apparel
CR157833,345,"Under Armour Girls' Toddler Spine Surge Runni",29,"Shop By Sport",5,Golf
MC1160,346,"Nike Men's Free 5.0+ Running Shoe",9,"Cardio Equipment",3,Footwear
MC133494,347,"Under Armour Hustle Storm Medium Duffle Bag",11,"Fitness Accessories",3,Footwear
MC1160,348,"Perfect Fitness Perfect Rip Deck",17,Cleats,4,Apparel
TK88470,349,"adidas Men's F10 Messi TRX FG Soccer Cleat",3,"Baseball & Softball",2,Fitness
MC4332,350,"Perfect Fitness Perfect Rip Deck",17,Cleats,4,Apparel
TK83065,351,"Perfect Fitness Perfect Rip Deck",17,Cleats,4,Apparel
CR152108,352,"Perfect Fitness Perfect Rip Deck",17,Cleats,4,Apparel
TK116361,353,"Perfect Fitness Perfect Rip Deck",17,Cleats,4,Apparel
TK70016,354,"Perfect Fitness Perfect Rip Deck",17,Cleats,4,Apparel
CR25195,355,"Perfect Fitness Perfect Rip Deck",17,Cleats,4,Apparel
TK85915,356,"Nike Men's Dri-FIT Victory Golf Polo",24,"Women's Apparel",5,Golf
MC168013,357,"Nike Men's Free 5.0+ Running Shoe",9,"Cardio Equipment",3,Footwear
TK127670,358,"Perfect Fitness Perfect Rip Deck",17,Cleats,4,Apparel
CR34052,359,"Perfect Fitness Perfect Rip Deck",17,Cleats,4,Apparel
CR135802,360,"Perfect Fitness Perfect Rip Deck",17,Cleats,4,Apparel
TK73059,361,"Under Armour Girls' Toddler Spine Surge Runni",29,"Shop By Sport",5,Golf
MC11526,362,"Perfect Fitness Perfect Rip Deck",17,Cleats,4,Apparel
MC148406,363,"Nike Men's Free 5.0+ Running Shoe",9,"Cardio Equipment",3,Footwear
TK75972,364,"Nike Men's Dri-FIT Victory Golf Polo",24,"Women's Apparel",5,Golf
MC147289,365,"Perfect Fitness Perfect Rip Deck",17,Cleats,4,Apparel
TK62356,366,"Nike Men's Free 5.0+ Running Shoe",9,"Cardio Equipment",3,Footwear
TK98108,367,"Nike Men's Free 5.0+ Running Shoe",9,"Cardio Equipment",3,Footwear
TK85915,368,"Nike Men's Free 5.0+ Running Shoe",9,"Cardio Equipment",3,Footwear
TK101556,369,"Nike Men's Dri-FIT Victory Golf Polo",24,"Women's Apparel",5,Golf
MC18049,370,"Nike Men's Dri-FIT Victory Golf Polo",24,"Women's Apparel",5,Golf
TK98108,371,"Hirzl Women's Soffft Flex Golf Glove",36,"Golf Balls",6,Outdoors
MC3341,372,"Nike Men's Dri-FIT Victory Golf Polo",24,"Women's Apparel",5,Golf
TK78363,373,"Perfect Fitness Perfect Rip Deck",17,Cleats,4,Apparel
MC3341,374,"Nike Men's Dri-FIT Victory Golf Polo",24,"Women's Apparel",5,Golf
MC174603,375,"Porcelain crafts",66,Crafts,4,Apparel
CR15812,376,"Nike Men's Dri-FIT Victory Golf Polo",24,"Women's Apparel",5,Golf
CR132754,377,"Nike Men's Dri-FIT Victory Golf Polo",24,"Women's Apparel",5,Golf
TK62693,378,"Under Armour Girls' Toddler Spine Surge Runni",29,"Shop By Sport",5,Golf
MC150263,379,"Under Armour Girls' Toddler Spine Surge Runni",29,"Shop By Sport",5,Golf
MC37919,380,"Field & Stream Sportsman 16 Gun Fire Safe",45,Fishing,7,"Fan Shop"
TK116620,381,"Nike Men's Dri-FIT Victory Golf Polo",24,"Women's Apparel",5,Golf
MC147712,382,"Nike Men's Dri-FIT Victory Golf Polo",24,"Women's Apparel",5,Golf
TK91823,383,"Perfect Fitness Perfect Rip Deck",17,Cleats,4,Apparel
MC3398,384,"Diamondback Women's Serene Classic Comfort Bi",43,"Camping & Hiking",7,"Fan Shop"
TK86243,385,"Perfect Fitness Perfect Rip Deck",17,Cleats,4,Apparel
MC3398,386,"Field & Stream Sportsman 16 Gun Fire Safe",45,Fishing,7,"Fan Shop"
TK83065,387,"Nike Men's Dri-FIT Victory Golf Polo",24,"Women's Apparel",5,Golf
MC178629,388,"Men's gala suit",70,"Men's Clothing",4,Apparel
TK91823,389,"Titleist Pro V1x High Numbers Personalized Go",37,Electronics,6,Outdoors
TK87796,390,"Nike Men's CJ Elite 2 TD Football Cleat",18,"Men's Footwear",4,Apparel
MC171169,391,"Nike Men's Free 5.0+ Running Shoe",9,"Cardio Equipment",3,Footwear
TK88927,392,"Diamondback Women's Serene Classic Comfort Bi",43,"Camping & Hiking",7,"Fan Shop"
CR39664,393,"Nike Men's CJ Elite 2 TD Football Cleat",18,"Men's Footwear",4,Apparel
CR160544,394,"Under Armour Girls' Toddler Spine Surge Runni",29,"Shop By Sport",5,Golf
CR167133,395,"Perfect Fitness Perfect Rip Deck",17,Cleats,4,Apparel
MC8498,396,"Nike Men's Dri-FIT Victory Golf Polo",24,"Women's Apparel",5,Golf
CR160544,397,"Nike Men's Dri-FIT Victory Golf Polo",24,"Women's Apparel",5,Golf
CR165470,398,"Nike Men's CJ Elite 2 TD Football Cleat",18,"Men's Footwear",4,Apparel
CR25195,399,"Nike Men's Deutschland Weltmeister Winners Bl",26,"Girls' Apparel",5,Golf
TK81690,400,"Nike Men's Dri-FIT Victory Golf Polo",24,"Women's Apparel",5,Golf
MC13573,401,"Nike Men's Free 5.0+ Running Shoe",9,"Cardio Equipment",3,Footwear
CR165470,402,"Nike Men's CJ Elite 2 TD Football Cleat",18,"Men's Footwear",4,Apparel
CR134641,403,"Perfect Fitness Perfect Rip Deck",17,Cleats,4,Apparel
MC152617,404,"Under Armour Girls' Toddler Spine Surge Runni",29,"Shop By Sport",5,Golf
MC132454,405,"Nike Men's Dri-FIT Victory Golf Polo",24,"Women's Apparel",5,Golf
CR11215,406,"Team Golf San Francisco Giants Putter Grip",40,Accessories,6,Outdoors
CR138272,407,"Titleist Pro V1x Golf Balls",37,Electronics,6,Outdoors
MC13573,408,"Bridgestone e6 Straight Distance NFL San Dieg",37,Electronics,6,Outdoors
TK62107,409,"Perfect Fitness Perfect Rip Deck",17,Cleats,4,Apparel
TK75396,410,"Nike Men's Dri-FIT Victory Golf Polo",24,"Women's Apparel",5,Golf
TK58801,411,"Perfect Fitness Perfect Rip Deck",17,Cleats,4,Apparel
TK81629,412,"Columbia Men's PFG Anchor Tough T-Shirt",29,"Shop By Sport",5,Golf
TK99195,413,"Nike Men's Dri-FIT Victory Golf Polo",24,"Women's Apparel",5,Golf
TK86079,414,"Under Armour Girls' Toddler Spine Surge Runni",29,"Shop By Sport",5,Golf
TK82645,415,"Nike Men's Dri-FIT Victory Golf Polo",24,"Women's Apparel",5,Golf
TK107373,416,"Under Armour Girls' Toddler Spine Surge Runni",29,"Shop By Sport",5,Golf
TK112132,417,"Nike Men's Dri-FIT Victory Golf Polo",24,"Women's Apparel",5,Golf
TK119770,418,"Nike Men's Dri-FIT Victory Golf Polo",24,"Women's Apparel",5,Golf
MC36529,419,"Perfect Fitness Perfect Rip Deck",17,Cleats,4,Apparel
CR157949,420,"Nike Men's Dri-FIT Victory Golf Polo",24,"Women's Apparel",5,Golf
MC164014,421,"Under Armour Girls' Toddler Spine Surge Runni",29,"Shop By Sport",5,Golf
MC164014,422,"Under Armour Girls' Toddler Spine Surge Runni",29,"Shop By Sport",5,Golf
MC137137,423,"Nike Men's Free 5.0+ Running Shoe",9,"Cardio Equipment",3,Footwear
CR11215,424,"Under Armour Women's Ignite Slide",13,Electronics,3,Footwear
CR138272,425,"Perfect Fitness Perfect Rip Deck",17,Cleats,4,Apparel
MC137137,426,"Perfect Fitness Perfect Rip Deck",17,Cleats,4,Apparel
MC152617,427,"Nike Men's Dri-FIT Victory Golf Polo",24,"Women's Apparel",5,Golf
MC13573,428,"Nike Men's Dri-FIT Victory Golf Polo",24,"Women's Apparel",5,Golf
CR1796,429,"Under Armour Girls' Toddler Spine Surge Runni",29,"Shop By Sport",5,Golf
CR134203,430,"Nike Men's Dri-FIT Victory Golf Polo",24,"Women's Apparel",5,Golf
CR22035,431,"Under Armour Girls' Toddler Spine Surge Runni",29,"Shop By Sport",5,Golf
CR18112,432,"Nike Men's Dri-FIT Victory Golf Polo",24,"Women's Apparel",5,Golf
MC2737,433,"Team Golf Tennessee Volunteers Putter Grip",40,Accessories,6,Outdoors
CR152108,434,"Polar FT4 Heart Rate Monitor",38,"Kids' Golf Clubs",6,Outdoors
TK125075,435,"Perfect Fitness Perfect Rip Deck",17,Cleats,4,Apparel
MC2751,436,"Titleist Pro V1x High Numbers Personalized Go",37,Electronics,6,Outdoors
TK103140,437,"Perfect Fitness Perfect Rip Deck",17,Cleats,4,Apparel
TK130130,438,"Perfect Fitness Perfect Rip Deck",17,Cleats,4,Apparel
MC163857,439,"Nike Men's CJ Elite 2 TD Football Cleat",18,"Men's Footwear",4,Apparel
CR145416,440,"Nike Men's Free 5.0+ Running Shoe",9,"Cardio Equipment",3,Footwear
CR160544,441,"Nike Men's Free 5.0+ Running Shoe",9,"Cardio Equipment",3,Footwear
MC171169,442,"Nike Men's Dri-FIT Victory Golf Polo",24,"Women's Apparel",5,Golf
TK81690,443,"Under Armour Girls' Toddler Spine Surge Runni",29,"Shop By Sport",5,Golf
CR167133,444,"Diamondback Women's Serene Classic Comfort Bi",43,"Camping & Hiking",7,"Fan Shop"
TK58068,445,"Perfect Fitness Perfect Rip Deck",17,Cleats,4,Apparel
TK88927,446,"Team Golf Tennessee Volunteers Putter Grip",40,Accessories,6,Outdoors
CR40455,447,"Field & Stream Sportsman 16 Gun Fire Safe",45,Fishing,7,"Fan Shop"
TK65307,448,"Under Armour Girls' Toddler Spine Surge Runni",29,"Shop By Sport",5,Golf
CR160544,449,"Nike Men's Free 5.0+ Running Shoe",9,"Cardio Equipment",3,Footwear
MC24341,450,"Nike Men's Free 5.0+ Running Shoe",9,"Cardio Equipment",3,Footwear
CR39664,451,"Field & Stream Sportsman 16 Gun Fire Safe",45,Fishing,7,"Fan Shop"
TK75183,452,"Nike Men's Dri-FIT Victory Golf Polo",24,"Women's Apparel",5,Golf
MC37919,453,"Perfect Fitness Perfect Rip Deck",17,Cleats,4,Apparel
CR22514,454,"Nike Men's Dri-FIT Victory Golf Polo",24,"Women's Apparel",5,Golf
CR173839,455,"Dell Laptop",64,Computers,10,Technology
TK94030,456,"Perfect Fitness Perfect Rip Deck",17,Cleats,4,Apparel
TK87796,457,"Nike Men's Dri-FIT Victory Golf Polo",24,"Women's Apparel",5,Golf
CR22514,458,"Glove It Women's Imperial Golf Glove",36,"Golf Balls",6,Outdoors
MC7889,459,"Team Golf St. Louis Cardinals Putter Grip",40,Accessories,6,Outdoors
TK90349,460,"Perfect Fitness Perfect Rip Deck",17,Cleats,4,Apparel
CR174328,461,"Industrial consumer electronics",65,"Consumer Electronics",10,Technology
TK98108,462,"Nike Men's Dri-FIT Victory Golf Polo",24,"Women's Apparel",5,Golf
CR7152,463,"Perfect Fitness Perfect Rip Deck",17,Cleats,4,Apparel
TK99118,464,"Nike Men's Dri-FIT Victory Golf Polo",24,"Women's Apparel",5,Golf
CR133411,465,"Perfect Fitness Perfect Rip Deck",17,Cleats,4,Apparel
TK102983,466,"Nike Men's Dri-FIT Victory Golf Polo",24,"Women's Apparel",5,Golf
MC15114,467,"Nike Men's Dri-FIT Victory Golf Polo",24,"Women's Apparel",5,Golf
CR159390,468,"Nike Men's CJ Elite 2 TD Football Cleat",18,"Men's Footwear",4,Apparel
CR133411,469,"Nike Men's CJ Elite 2 TD Football Cleat",18,"Men's Footwear",4,Apparel
TK62841,470,"Under Armour Kids' Mercenary Slide",13,Electronics,3,Footwear
TK57445,471,"Bridgestone e6 Straight Distance NFL Tennesse",37,Electronics,6,Outdoors
TK51597,472,"Perfect Fitness Perfect Rip Deck",17,Cleats,4,Apparel
TK120416,473,"Perfect Fitness Perfect Rip Deck",17,Cleats,4,Apparel
CR178214,474,"Porcelain crafts",66,Crafts,4,Apparel
TK57445,475,"Diamondback Women's Serene Classic Comfort Bi",43,"Camping & Hiking",7,"Fan Shop"
TK57007,476,"Nike Men's CJ Elite 2 TD Football Cleat",18,"Men's Footwear",4,Apparel
TK91405,477,"Under Armour Girls' Toddler Spine Surge Runni",29,"Shop By Sport",5,Golf
TK57445,478,"Nike Men's Dri-FIT Victory Golf Polo",24,"Women's Apparel",5,Golf
TK57007,479,"Nike Men's Dri-FIT Victory Golf Polo",24,"Women's Apparel",5,Golf
TK79054,480,"Nike Men's Free 5.0+ Running Shoe",9,"Cardio Equipment",3,Footwear
TK117394,481,"Nike Men's Dri-FIT Victory Golf Polo",24,"Women's Apparel",5,Golf
TK57007,482,"Diamondback Women's Serene Classic Comfort Bi",43,"Camping & Hiking",7,"Fan Shop"
TK94483,483,"Nike Men's Dri-FIT Victory Golf Polo",24,"Women's Apparel",5,Golf
CR159390,484,"Nike Men's Dri-FIT Victory Golf Polo",24,"Women's Apparel",5,Golf
TK62841,485,"Nike Men's Dri-FIT Victory Golf Polo",24,"Women's Apparel",5,Golf
TK91961,486,"Perfect Fitness Perfect Rip Deck",17,Cleats,4,Apparel
TK91719,487,"Nike Men's Dri-FIT Victory Golf Polo",24,"Women's Apparel",5,Golf
TK57445,488,"Perfect Fitness Perfect Rip Deck",17,Cleats,4,Apparel
TK67776,489,"Under Armour Men's Tech II T-Shirt",5,Lacrosse,2,Fitness
CR40455,490,"Perfect Fitness Perfect Rip Deck",17,Cleats,4,Apparel
TK118936,491,"Perfect Fitness Perfect Rip Deck",17,Cleats,4,Apparel
CR159390,492,"Perfect Fitness Perfect Rip Deck",17,Cleats,4,Apparel
TK58902,493,"Nike Men's Free 5.0+ Running Shoe",9,"Cardio Equipment",3,Footwear
CR159390,494,"Nike Men's Dri-FIT Victory Golf Polo",24,"Women's Apparel",5,Golf
TK114168,495,"Nike Men's Dri-FIT Victory Golf Polo",24,"Women's Apparel",5,Golf
TK58902,496,"Perfect Fitness Perfect Rip Deck",17,Cleats,4,Apparel
CR36869,497,"Nike Men's Free 5.0+ Running Shoe",9,"Cardio Equipment",3,Footwear
MC168714,498,"Nike Men's Dri-FIT Victory Golf Polo",24,"Women's Apparel",5,Golf
CR36869,499,"Under Armour Women's Ignite Slide",13,Electronics,3,Footwear
CR159390,500,"Under Armour Girls' Toddler Spine Surge Runni",29,"Shop By Sport",5,Golf
